En alakalı sayfalar,Tıklamalar,Gösterimler,TO,Pozisyon
https://www.mutfak10.com/,1032,7936,13%,6.3
https://www.mutfak10.com/urun/rms-erst02-otomatik-eriste-kesme-makinasi,911,34312,2.66%,3.49
https://www.mutfak10.com/urun/oztiryakiler-mini-barista-ev-tipi-ogutuculu-espresso-kahve-makinesi,775,8396,9.23%,5.79
https://www.mutfak10.com/duduklude-et-kac-dakikada-piser,550,137160,0.4%,5.22
https://www.mutfak10.com/kategori/tas-tabanli-firinlar,498,28415,1.75%,7.82
https://www.mutfak10.com/kategori/doner-arabali-ekmek-firinlari,492,20878,2.36%,08.05
https://www.mutfak10.com/kategori/dondurma-makineleri-1,452,17412,2.6%,8.42
https://www.mutfak10.com/ekmek-firini-acmak-icin-gerekli-malzemeler,369,19860,1.86%,5
https://www.mutfak10.com/kategori/yufka-acma-makineleri,355,27960,1.27%,7.2
https://www.mutfak10.com/urun/oztiryakiler-patates-dograma-makinesi-parmak-patates,272,12921,2.11%,6
https://www.mutfak10.com/etiket/endustriyel-rende-makinesi,269,12727,2.11%,7.7
https://www.mutfak10.com/atomcu-acmak-icin-gerekli-malzemeler,245,7774,3.15%,7.69
https://www.mutfak10.com/urun/osimo-15-kg-un-25-kg-hamur-yogurma-karma-makinesi,225,8943,2.52%,7.39
https://www.mutfak10.com/kategori/dondurma-dolaplari,194,8930,2.17%,5.72
https://www.mutfak10.com/kategori/sebze-dograma-makineleri,188,10124,1.86%,8.65
https://www.mutfak10.com/urun/osimio-25-kg-hamur-yogurma-makinasi,188,8746,2.15%,7.73
https://www.mutfak10.com/urun/sahveli-zdk-ayakli-zirh-kiyma-makinesi-21-litre,184,3220,5.71%,5.63
https://www.mutfak10.com/masat-nedir-nasil-kullanilir,178,17168,1.04%,5.84
https://www.mutfak10.com/urun/yilmazlar-kusbasi-dograma-makinesi,168,3183,5.28%,5.9
https://www.mutfak10.com/urun/cagdas-paslanmaz-sinir-ayiklamali-et-kiyma-makinesi-no-32-portatif-sifero-krom-celik-kafa-380-v-600-kg-saat,153,2070,7.39%,4.69
https://www.mutfak10.com/urun/ztiryakiler-bulasik-yikama-makinesi-dijital-sepetli-tahliye-pompali-50x50-cm-491176,142,11808,1.2%,6.44
https://www.mutfak10.com/bufede-neler-satilir,142,5263,2.7%,3.7
https://www.mutfak10.com/kategori/endustriyel-firinlar,141,10674,1.32%,9.69
https://www.mutfak10.com/urun/oztiryakiler-k95l-super-otomatik-espresso-kahve-makinesi,141,4169,3.38%,3.69
https://www.mutfak10.com/etiket/mesrubat-dolabi,126,8667,1.45%,7.42
https://www.mutfak10.com/urun/fagor-la-25-tp-2e-25-kg-kapasiteli-camasir-makinesi,122,1179,10.35%,3.19
https://www.mutfak10.com/kategori/hamur-acma-makineleri,117,10733,1.09%,10.01
https://www.mutfak10.com/urun/nuova-simonelli-appia-life-ii-yuksek-kasikli-tam-otomatik-kahve-makinesi-6644,104,4422,2.35%,5.82
https://www.mutfak10.com/urun/bogazici-bks-150-adana-kebab-saplama-makinesi-80-150-gram,102,4552,2.24%,5.31
https://www.mutfak10.com/ocakta-unutulan-caydanlik-nasil-temizlenir,96,6805,1.41%,07.03
https://www.mutfak10.com/kategori/basincli-fritozler,96,2012,4.77%,6.19
https://www.mutfak10.com/urun/empero-emp-dp-45-hamur-pres-makinesi-45-cm-plaka-capi,96,1495,6.42%,2.6
https://www.mutfak10.com/etiket/soguk-meze-dolabi,95,5212,1.82%,5.17
https://www.mutfak10.com/kategori/baklava-firinlari,92,1825,5.04%,5.72
https://www.mutfak10.com/urun/cagdas-catalli-devirmeli-hamur-yogurma-makinasi-50-kg-un-70-kg-hamur-220v,91,2457,3.7%,6.26
https://www.mutfak10.com/urun/omis-shk-50-spiral-hamur-yogurma-makinesi-hiz-kontrollu-50-kg,91,1126,8.08%,4.72
https://www.mutfak10.com/urun/cagdas-catalli-hamur-yogurma-makinasi-150-kg-un-180-kg-hamur-380v,89,803,11.08%,5.77
https://www.mutfak10.com/profesyonel-mutfak-terimleri-nelerdir,85,4639,1.83%,5.1
https://www.mutfak10.com/urun/rms-erst02-otomatik-eriste-kesme-makinasi/,80,4070,1.97%,8.39
https://www.mutfak10.com/urun/ugur-udr-30-sirius-dondurma-teshir-reyonu,79,1107,7.14%,4.38
https://www.mutfak10.com/urun/tiryaki-3-gozlu-bakir-cay-kazani-3-demlikli-elektrik-gaz,78,3083,2.53%,6.69
https://www.mutfak10.com/urun/osimo-10-kg-klasik-hamur-yogurma-makinesi-1,75,2852,2.63%,09.06
https://www.mutfak10.com/kategori/pilic-cevirme-makinesi,73,4711,1.55%,8.89
https://www.mutfak10.com/urun/la-marzocco-kb90-tam-otomatik-espresso-kahve-makinesi-3-gruplu,71,2712,2.62%,7.6
https://www.mutfak10.com/urun/oztiryakiler-bulasik-makinesi-deterjan-dozaj-pompasi,71,1104,6.43%,6.69
https://www.mutfak10.com/kategori/kubbeli-pizza-firinlari,69,1527,4.52%,9.1
https://www.mutfak10.com/kategori/acik-bufe-ekipmanlari,68,3524,1.93%,6.46
https://www.mutfak10.com/urun/kef-tb18-steam-cay-kazani-30-litre,66,1660,3.98%,6.25
https://www.mutfak10.com/kategori/tas-tabanli-firinlar/,65,7260,0.9%,9.56
https://www.mutfak10.com/urun/tem-buyukbas-canli-hayvan-baskulu-3000-kg-110x240cm,65,2988,2.18%,8.46
https://www.mutfak10.com/wok-tavada-ne-yapilir,64,3688,1.74%,08.01
https://www.mutfak10.com/kategori/pirinc-pisirme-makineleri,64,1288,4.97%,11.79
https://www.mutfak10.com/urun/sahveli-zdk-30-zirh-kiyma-makinesi-10-litre,62,2179,2.85%,6.66
https://www.mutfak10.com/urun/tiryaki-4-gozlu-bakir-cay-kazani-4-demlikli-elektrik-gaz,62,1635,3.79%,7.43
https://www.mutfak10.com/urun/wilfa-probaker-profesyonel-stand-mikser-7-litre,59,411,14.36%,6.96
https://www.mutfak10.com/kategori/makarna-fritozleri,56,3141,1.78%,6.69
https://www.mutfak10.com/kategori/super-otomatik-kahve-makineleri,55,11396,0.48%,16.39
https://www.mutfak10.com/kategori/sogutma-ekipmanlari,54,2695,2%,10.67
https://www.mutfak10.com/urun/ankun-3-demlikli-statik-cay-kazani-cay-robotu,54,994,5.43%,4.53
https://www.mutfak10.com/etiket/vitrin-buzdolabi,52,3668,1.42%,7.19
https://www.mutfak10.com/urun/sahveli-zdk-ayakli-zirh-kiyma-makinesi-21-litre/,50,782,6.39%,6.24
https://www.mutfak10.com/urun/la-marzocco-kb90-tam-otomatik-espresso-kahve-makinesi-2-gruplu,49,3118,1.57%,5.82
https://www.mutfak10.com/urun/oztiryakiler-7-tepsili-patiseri-firin-manuel-40x60-cm-elektrikli,49,1257,3.9%,07.09
https://www.mutfak10.com/urun/sahveli-zdk-36-zirh-kiyma-makinesi-17-litre,48,1172,4.1%,4.32
https://www.mutfak10.com/silpat-nedir,47,6598,0.71%,6.1
https://www.mutfak10.com/mor-isik-sinek-oldurucu-zararlari,47,5406,0.87%,5.98
https://www.mutfak10.com/kategori/basmali-sos-pompalari,47,1555,3.02%,6.72
https://www.mutfak10.com/urun/franke-a600-super-otomatik-kahve-makinesi,47,1259,3.73%,7.82
https://www.mutfak10.com/urun/atollspeed-easy-turbo-firin-44-5x68-7x57-cm,47,1120,4.2%,5.83
https://www.mutfak10.com/urun/salva-moduler-e-20-tas-tabanli-firin-3-tepsili-pastane-modul,47,869,5.41%,05.09
https://www.mutfak10.com/urun/ugur-7-gozlu-dondurma-teshir-dolabi-udr-7-sce-ts,46,2381,1.93%,3.62
https://www.mutfak10.com/karacasan,46,1575,2.92%,6.94
https://www.mutfak10.com/urun/ztiryakiler-okfg-202-firin-konveksiyonlu-kizakli-20-adet-gn-21-tepsi-kapasiteli-gazli-448386,44,3922,1.12%,4.54
https://www.mutfak10.com/urun/ztiryakiler-profesyonel-mikrodalga-firin-23-litre-900-kw-442316,44,953,4.62%,8.25
https://www.mutfak10.com/hangi-kesme-tahtasi-saglikli,43,3622,1.19%,7.97
https://www.mutfak10.com/urun/franke-a400-super-otomatik-kahve-makinesi-1,43,2902,1.48%,5.5
https://www.mutfak10.com/urun/dirmak-dhm-serisi-hamur-acma-makinesi-boyali-govde-380-v-135-cm,43,1667,2.58%,3.19
https://www.mutfak10.com/urun/tiger-jno-b36w-rice-cooker-pirinc-pilav-pisirme-ve-dinlendirme-makinesi-3-6-lt,43,1149,3.74%,8.49
https://www.mutfak10.com/urun/ugur-udm-40-l3d-dondurma-makinesi-84-l,43,916,4.69%,5.39
https://www.mutfak10.com/omis,41,3792,1.08%,08.03
https://www.mutfak10.com/kategori/yufka-acma-makineleri/,41,3488,1.18%,7.71
https://www.mutfak10.com/kategori/kirilmaz-polikarbon-bardaklar,41,1990,2.06%,7.84
https://www.mutfak10.com/urun/tiryaki-2-gozlu-bakir-cay-kazani-3-demlikli-elektrik-gaz,41,933,4.39%,6.16
https://www.mutfak10.com/urun/sgs-tg-4060-de-alt-ust-girintili-tost-makinesi-elektrikli-1,41,507,8.09%,3.99
https://www.mutfak10.com/urun/osimio-25-kg-hamur-yogurma-makinasi/,40,3244,1.23%,09.08
https://www.mutfak10.com/evde-pasta-yapip-satmak,40,1886,2.12%,6.7
https://www.mutfak10.com/urun/oztiryakiler-power-matic-eco-bulasik-deterjani-20-lt,40,1117,3.58%,08.04
https://www.mutfak10.com/kategori/sucuk-sosis-dolum-makineleri,40,935,4.28%,9.51
https://www.mutfak10.com/nuova-simonelli,39,4973,0.78%,7.83
https://www.mutfak10.com/urun/rubikap-tek-kullanimlik-pet-sise-200-ml-seffaf,39,1399,2.79%,07.03
https://www.mutfak10.com/kategori/temizlik-arabalari,38,4891,0.78%,7.69
https://www.mutfak10.com/kategori/sanayi-tipi-bulasik-makineleri,38,4361,0.87%,12.53
https://www.mutfak10.com/urun/la-cimbali-m23-espresso-kahve-makinesi-seti-yuksek-sase-10-parca,38,2753,1.38%,8.96
https://www.mutfak10.com/urun/oztiryakiler-yuksek-pizza-hazirlik-unitesi,38,850,4.47%,5.52
https://www.mutfak10.com/kategori/tantuni-sac-kavurma-ocaklari,37,1551,2.39%,06.09
https://www.mutfak10.com/kategori/doner-arabali-ekmek-firinlari/,36,22266,0.16%,10.65
https://www.mutfak10.com/urun/oztiryakiler-patates-dograma-makinesi-parmak-patates/,36,2744,1.31%,7.12
https://www.mutfak10.com/kategori/dondurma-makineleri-1/,36,1825,1.97%,11.67
https://www.mutfak10.com/urun/yazicilar-g20-ogutucu-20-lt-400v,36,269,13.38%,3.39
https://www.mutfak10.com/kategori/benmariler,35,2570,1.36%,7.74
https://www.mutfak10.com/urun/rational-elektrikli-firin-6x2-3-gn-icombi-pro,35,1366,2.56%,6.55
https://www.mutfak10.com/sgs,35,1181,2.96%,6.98
https://www.mutfak10.com/kategori/spiral-hamur-yogurma-makineleri,35,1000,3.5%,7.71
https://www.mutfak10.com/urun/sgs-po-k-50-gazli-konveyorlu-pizza-firini,35,914,3.83%,5.66
https://www.mutfak10.com/urun/avatherm-ergoline-turuncu,35,736,4.76%,3.45
https://www.mutfak10.com/kategori/soguk-hava-deposu,34,7331,0.46%,13.28
https://www.mutfak10.com/pleyt-nedir,34,4693,0.72%,4.26
https://www.mutfak10.com/kategori/dikey-sise-sogutucular,34,3266,1.04%,8.76
https://www.mutfak10.com/kategori/kirilmaz-tabaklar,34,1440,2.36%,7.61
https://www.mutfak10.com/urun/pimak-4-radyanli-lav-tasli-doner-ocagi-m077-l4,34,693,4.91%,5.64
https://www.mutfak10.com/urun/ztiryakiler-okfe-102-firin-konveksiyonlu-elektrikli-kizakli-10-adet-gn-21-tepsi-kapasiteli-444262,33,2197,1.5%,6.95
https://www.mutfak10.com/urun/oztiryakiler-soguk-hava-deposu-dondurucu-panel-split-tip-22-18-c-300x200-cm,33,2043,1.62%,5.46
https://www.mutfak10.com/urun/la-cimbali-m23-up-dt2-tc-2-gruplu-tam-otomatik-espresso-kahve-makinesi-tall-cup-yuksek-kasik,33,1703,1.94%,7.63
https://www.mutfak10.com/urun/cagdas-catalli-devirmeli-hamur-yogurma-makinasi-35-kg-un-40-kg-hamur-220v,33,1129,2.92%,4.57
https://www.mutfak10.com/urun/oztiryakiler-gn-600-nmv-buzdolabi-tek-kapili-dik-tip-ekonomik,33,856,3.86%,7.4
https://www.mutfak10.com/kategori/bardak-kurutma-makineleri,33,647,5.1%,6.34
https://www.mutfak10.com/kategori/makarna-ve-eriste-kesme-makineleri,32,1999,1.6%,12.1
https://www.mutfak10.com/butik-kahve-dukkani-acmak-icin-gerekli-malzemeler,32,1866,1.71%,9.81
https://www.mutfak10.com/urun/oztiryakiler-mini-barista-ev-tipi-ogutuculu-espresso-kahve-makinesi/,32,783,4.09%,08.02
https://www.mutfak10.com/kategori/konveyorlu-firinlar,31,1880,1.65%,6.49
https://www.mutfak10.com/urun/mutfak10-hamburger-press-smash-aparati-16-cm,31,1206,2.57%,8.27
https://www.mutfak10.com/etiket/otel-tipi-kahve-makinesi,31,974,3.18%,6.11
https://www.mutfak10.com/urun/gorkem-tost-makinasi-20-dilim-cift-kapakli-elektrikli-105x41-cm,31,888,3.49%,7.76
https://www.mutfak10.com/urun/mutfak10-ahsap-espresso-kahve-karistirma-ignesi,31,687,4.51%,6.17
https://www.mutfak10.com/bufede-neler-satilir/,31,362,8.56%,05.06
https://www.mutfak10.com/kategori/hamur-yogurma-makineleri,30,2893,1.04%,11.76
https://www.mutfak10.com/urun/ugur-uss-440-dtklb-dikey-sise-sogutucu-5-rafli-500-l,30,1776,1.69%,2.99
https://www.mutfak10.com/endustriyel-mutfak-malzeme-listeleri,30,1586,1.89%,14.3
https://www.mutfak10.com/urun/gorkem-3-lu-benmari-1-1-gn-set-ustu-kuvet-kapakli-elektrikli-105x60-cm,30,699,4.29%,5.43
https://www.mutfak10.com/urun/oztiryakiler-otm-5530-tost-makinesi-cift-kapakli,29,1346,2.15%,5.42
https://www.mutfak10.com/kategori/kuzu-cevirme-makineleri,29,1070,2.71%,7.71
https://www.mutfak10.com/urun/ugur-udm-30-l5d-dondurma-makinesi-140-l,29,999,2.9%,5.52
https://www.mutfak10.com/kategori/dondurma-dolaplari/,29,870,3.33%,6.71
https://www.mutfak10.com/urun/taylor-736-yumusak-dondurma-makinesi-8-litre,29,633,4.58%,4.49
https://www.mutfak10.com/urun/osimo-32-no-sogutmali-krom-et-kiyma-makinesi,29,607,4.78%,8.83
https://www.mutfak10.com/urun/cime-luna-serisi-espresso-kahve-makinesi-tam-otomatik-2-gruplu,29,333,8.71%,6.44
https://www.mutfak10.com/urun/by-kitchen-dst-08-set-ustu-soguk-teshir-dolabi-118-l,28,2104,1.33%,3.99
https://www.mutfak10.com/urun/la-cimbali-m23-2-espresso-kahve-makinesi-seti-yuksek-sase-2-gruplu-10-parca,28,1938,1.44%,6.88
https://www.mutfak10.com/zanussi,28,1550,1.81%,8.41
https://www.mutfak10.com/urun/pimak-kc-m007-kuzu-cevirme-makinesi-3-sis-kapasiteli-elektrikli,28,1210,2.31%,7
https://www.mutfak10.com/etiket/sanayi-tipi-lahmacun-makinesi,28,1174,2.39%,6.93
https://www.mutfak10.com/urun/omis-his-60-planet-mikser-standli-60-litre-tran-model,28,979,2.86%,6.57
https://www.mutfak10.com/buz-makinesi-arizalari-ve-cozumleri,28,930,3.01%,6.61
https://www.mutfak10.com/urun/omis-omr-80-planet-mikser-standli-hiz-kontrollu-80-litre-namso-model,28,883,3.17%,6.59
https://www.mutfak10.com/kalando,28,681,4.11%,4.17
https://www.mutfak10.com/urun/ugur-uss-374-dtkl-dikey-sise-sogutucu-5-rafli-358-l,28,558,5.02%,5.46
https://www.mutfak10.com/urun/oztiryakiler-k95l-super-otomatik-espresso-kahve-makinesi/,28,551,5.08%,5.89
https://www.mutfak10.com/urun/bogazici-set-ustu-et-parcalama-makinesi-2-kg-zirh-makinesi,27,1593,1.69%,2.86
https://www.mutfak10.com/kategori/seyyar-satis-ve-teshir-arabasi,27,1386,1.95%,10.68
https://www.mutfak10.com/etiket/sanayi-tipi-pilav-tenceresi,27,1113,2.43%,6.96
https://www.mutfak10.com/urun/silverinox-cift-katli-pizza-firini-6-6-pizza-kapasiteli-elektrikli,27,1056,2.56%,5.33
https://www.mutfak10.com/kategori/hamur-acma-makineleri/,27,944,2.86%,10.91
https://www.mutfak10.com/urun/oztiryakiler-gurmeaid-cb699-d-dijital-bar-blender-gurultu-onleyici-kapakli-1680-w,27,691,3.91%,5.94
https://www.mutfak10.com/kategori/endustriyel-temizlik-ekipmanlari,26,1453,1.79%,9.18
https://www.mutfak10.com/kategori/pizza-hazirlik-uniteleri,26,866,3%,8.54
https://www.mutfak10.com/urun/inoksan-depo-tip-cift-kapili-buzdolabi-304-kalite-1200-l-140x80x210-cm,26,850,3.06%,8.65
https://www.mutfak10.com/kategori/espresso-kahve-makineleri,25,4541,0.55%,27.21
https://www.mutfak10.com/urun/osimo-15-kg-un-25-kg-hamur-yogurma-karma-makinesi/,25,2704,0.92%,7.68
https://www.mutfak10.com/ekmek-firini-acmak-icin-gerekli-malzemeler/,25,1918,1.3%,7.87
https://www.mutfak10.com/urun/cagdas-paslanmaz-et-kiyma-makinesi-no-32-sifero-celik-dokum-kafa-220-v-600-kg-saat-1,25,1569,1.59%,7.98
https://www.mutfak10.com/urun/cancan-profesyonel-nar-sikacagi,25,1561,1.6%,7.99
https://www.mutfak10.com/salva,25,1176,2.13%,6.22
https://www.mutfak10.com/urun/zummo-z06-narenciye-sikacagi,25,1101,2.27%,7.8
https://www.mutfak10.com/urun/omake-mini-top-waffle-makinesi-manuel-zaman-ayarli,25,1002,2.5%,02.08
https://www.mutfak10.com/urun/fritoz-sepeti-900-seri-330x300x118-cm-yeni-seri-buyuk,25,842,2.97%,7.33
https://www.mutfak10.com/urun/midea-1025f1e-eu-ticari-mikrodalga-firin-elektrikli,25,337,7.42%,3.19
https://www.mutfak10.com/urun/portabianco-slm-1dgn-tezgah-alti-slim-derin-dondurucu-120-litre,25,114,21.93%,4.11
https://www.mutfak10.com/tirbuson-nedir,24,14641,0.16%,7.27
https://www.mutfak10.com/induksiyon-taban-nedir,24,13650,0.18%,8.99
https://www.mutfak10.com/kategori/bulasik-makinesi-basketleri,24,1225,1.96%,5.97
https://www.mutfak10.com/urun/oztiryakiler-gn-1200-nmv-buzdolabi-cift-kapili-dik-tip-monoblok-pr-3582-html,24,1138,2.11%,5.24
https://www.mutfak10.com/urun/pirge-superior-pastirma-bicagi-30-cm-91181,24,955,2.51%,7.34
https://www.mutfak10.com/urun/simonellinuova-simonelli-aurelia-ii-tam-otomatik-espresso-kahve-makinesi-2-gruplu-6644,24,701,3.42%,6.1
https://www.mutfak10.com/urun/osimo-el-blender-250-w,24,389,6.17%,6.39
https://www.mutfak10.com/urun/oztiryakiler-gazli-sis-kebap-doner-ocagi-4-radyanli-kucuk-tip,24,298,8.05%,5.4
https://www.mutfak10.com/gastronom-kuvet-olculeri-ve-modelleri,23,4845,0.47%,8.48
https://www.mutfak10.com/tiryaki,23,1487,1.55%,8.41
https://www.mutfak10.com/urun/ugur-uss-330-dtk-lean-dikey-sise-sogutucu-4-rafli-358-l,23,1301,1.77%,5.93
https://www.mutfak10.com/urun/oztiryakiler-gn-1200-lmv-model-cift-inox-kapili-dik-tip-derin-dondurucu-1,23,862,2.67%,5.68
https://www.mutfak10.com/urun/oztiryakiler-konveksiyonlu-60x40-4-tepsili-dijital-pastane-firini-monofaze,23,856,2.69%,07.07
https://www.mutfak10.com/urun/mateka-spz-300m-spiral-hamur-yogurma-makinesi-8-kg-220v,23,835,2.75%,6.2
https://www.mutfak10.com/urun/by-kitchen-dst02-pasta-teshir-dolabi-doner-tip,23,695,3.31%,6.16
https://www.mutfak10.com/urun/himaksan-6-gozlu-2-corba-kapasiteli-benmari-dogalgazli-hmk-bsg-6x2,23,682,3.37%,2.74
https://www.mutfak10.com/urun/viber-vhe-ha-60-klasik-hamur-acma-makinesi-yatay-60-cm-220-v,23,421,5.46%,5.43
https://www.mutfak10.com/urun/kms-tb-500-tabak-tabldot-tepsi-silme-makinesi-500-adet-saat,23,421,5.46%,6.26
https://www.mutfak10.com/urun/oztiryakiler-kopuklu-ayran-makinesi-22-litre-40x35x75-cm-6644,22,1619,1.36%,5.98
https://www.mutfak10.com/urun/oztiryakiler-okfg-202-firin-konveksiyonlu-kizakli-kit-arabali-20-adet-gn-2-1-tepsi-kapasiteli-gazli-664,22,1509,1.46%,6.28
https://www.mutfak10.com/urun/hisar-floransa-84-parca-celik-catal-kasik-bicak-seti,22,820,2.68%,7.92
https://www.mutfak10.com/urun/bogazici-set-ustu-sebze-dograma-makinesi-7-bicakli,22,780,2.82%,6.6
https://www.mutfak10.com/urun/firin-alt-tezgahi-demonte-10gn2-1,22,711,3.09%,5.61
https://www.mutfak10.com/urun/dora-4-gozlu-benmari-4-x-gn1-1-kapasiteli,22,669,3.29%,3.48
https://www.mutfak10.com/urun/oztiryakiler-dis-kasa-dokum-gurmeaid-stand-mikser-4-8-l-siyah,22,621,3.54%,8.82
https://www.mutfak10.com/urun/senox-bar-tipi-sise-sogutucu-dolap-uc-kapili-350-litre-bbc-350,22,552,3.99%,06.01
https://www.mutfak10.com/kategori/zirh-makineleri,22,537,4.1%,07.06
https://www.mutfak10.com/urun/ugur-upr-1500-b-pasta-teshir-dolabi,22,489,4.5%,3.42
https://www.mutfak10.com/atomcu-acmak-icin-gerekli-malzemeler/,22,472,4.66%,07.01
https://www.mutfak10.com/urun/kef-flt120-filtre-kahve-kagidi-1000-adet,22,312,7.05%,5.47
https://www.mutfak10.com/kategori/bar-arkasi-sise-sogutucular,21,2533,0.83%,6.64
https://www.mutfak10.com/la-cimbali,21,1977,1.06%,10.81
https://www.mutfak10.com/iletisim,21,1436,1.46%,2.83
https://www.mutfak10.com/urun/eka-ekf-423-3-d-konveksiyonlu-dijital-firin-3-tepsi-kapasiteli-elektrikli,21,886,2.37%,5.19
https://www.mutfak10.com/urun/oztiryakiler-no-3-celik-kepce,21,870,2.41%,07.08
https://www.mutfak10.com/kategori/catal-kasik-parlatma-makineleri,21,827,2.54%,08.09
https://www.mutfak10.com/urun/senox-set-ustu-pasta-teshir-dolabi-panaromik-cam-90-cm,21,825,2.55%,05.02
https://www.mutfak10.com/urun/portashelf-4-katli-tel-istif-rafi-61x91x183-cm-304,21,804,2.61%,4.73
https://www.mutfak10.com/urun/ztiryakiler-700-seri-set-st-elektrikli-fritz-807030-477992,21,769,2.73%,6.63
https://www.mutfak10.com/urun/tiryaki-5-demlik-bakir-cay-semaveri,21,766,2.74%,7.46
https://www.mutfak10.com/etiket/profesyonel-milkshake-makinesi,21,707,2.97%,11.03
https://www.mutfak10.com/urun/omake-setustu-mikser-7-litre-kirmizi,21,685,3.07%,4.78
https://www.mutfak10.com/urun/oztiryakiler-izgara-davlumbazli-komurlu-100x50-cm,21,633,3.32%,3.18
https://www.mutfak10.com/urun/oztiryakiler-oby-50t-touch-dijital-bulasik-makinesi-tahliye-pompali-set-alti,21,616,3.41%,6.99
https://www.mutfak10.com/urun/oztiryakiler-un-seker-arabasi-usa102-lt,21,591,3.55%,07.04
https://www.mutfak10.com/kategori/acik-bufe-ekipmanlari/,21,455,4.62%,7.47
https://www.mutfak10.com/urun/drn-elektrikli-benmari-3-sicak-1-notr-150x70x85,21,343,6.12%,6.78
https://www.mutfak10.com/urun/sahveli-zdk-36-zirh-kiyma-makinesi-17-litre/,21,335,6.27%,5.36
https://www.mutfak10.com/urun/fagor-la-25-tp-2e-25-kg-kapasiteli-camasir-makinesi/,21,225,9.33%,4.9
https://www.mutfak10.com/urun/csa-krcs-yog-670-yer-ocagi-cift-yanisli-dogalgazli-60x70-cm,21,116,18.1%,4.21
https://www.mutfak10.com/urun/mutfak10-rin-01-rinser-bardak-ve-kap-yikama-aparati,20,1825,1.1%,5.41
https://www.mutfak10.com/urun/oztiryakiler-hamur-yogurma-makinesi-30-kg-mekanik-kontrol-panel-6644,20,1492,1.34%,7.7
https://www.mutfak10.com/urun/by-kitchen-duo-barista-ev-tipi-ogutuculu-espresso-kahve-makinesi-cift-kazan,20,1413,1.42%,7.85
https://www.mutfak10.com/kategori/waffle-makineleri,20,1302,1.54%,18.27
https://www.mutfak10.com/urun/oztiryakiler-of130-l-pide-lahmacun-firini-konveyorlu-6644,20,1293,1.55%,11.67
https://www.mutfak10.com/urun/karacasan-firinli-kuzine-4-gozlu-1000x1000x850-mm-dogal-gaz,20,749,2.67%,8.6
https://www.mutfak10.com/urun/oztiryakiler-oby-50t-touch-bulasik-makinesi-komple-set,20,710,2.82%,7.1
https://www.mutfak10.com/kategori/yemek-tasima-kaplari,20,699,2.86%,08.02
https://www.mutfak10.com/urun/ztiryakiler-370-nmv-3-inox-kapi-yatay-tip-buzdolabi-444287,20,438,4.57%,6.44
https://www.mutfak10.com/urun/unox-bakerlux-rosella-konveksiyonel-patisserie-firin-4-tepsili-40x60-cm-elektrikli,20,407,4.91%,7.23
https://www.mutfak10.com/duduklude-et-kac-dakikada-piser/,19,21220,0.09%,8.43
https://www.mutfak10.com/kategori/bardak-standlari,19,2082,0.91%,7.32
https://www.mutfak10.com/robot-coupe,19,1622,1.17%,10.39
https://www.mutfak10.com/kategori/krep-makineleri,19,1342,1.42%,9.17
https://www.mutfak10.com/fagor,19,1270,1.5%,8.88
https://www.mutfak10.com/urun/by-kitchen-dsm-7-set-ustu-mikser-7-l,19,1100,1.73%,7.52
https://www.mutfak10.com/kategori/kemik-testereleri,19,885,2.15%,15.15
https://www.mutfak10.com/urun/ugur-uss-374-dtk-dikey-sise-sogutucu-5-rafli-358-l,19,883,2.15%,5.28
https://www.mutfak10.com/urun/cagdas-yatay-yufka-yedek-acma-makinasi-60cm-220v,19,838,2.27%,6.13
https://www.mutfak10.com/urun/fagor-ace-202-c-elektrikli-advance-concept-konveksiyonel-firin-20-gn-2-1-ve-40-gn-1-1-tepsi-kapasiteli,19,742,2.56%,4.63
https://www.mutfak10.com/urun/yilmazlar-kusbasi-dograma-makinesi/,19,734,2.59%,7.33
https://www.mutfak10.com/urun/himaksan-2-yanisli-tandir-ocagi-dogalgazli-hmk-tyog-12,19,709,2.68%,7.23
https://www.mutfak10.com/urun/kapp-celik-duduklu-tencere-15-lt-32x19-cm,19,671,2.83%,7
https://www.mutfak10.com/urun/remta-de14-jumbo-cay-makinesi-tek-demlikli-9-l-elektrikli-krom,19,444,4.28%,7.25
https://www.mutfak10.com/urun/oztiryakiler-d-plus-bulasik-yikama-makinasi-50x50-cm-sepetli-tahliye-parlatici-deterjan-pompali-6644,19,422,4.5%,6.13
https://www.mutfak10.com/urun/tiryaki-2-demlikli-statik-mat-cay-kazani-elektrik-gaz,19,369,5.15%,6.47
https://www.mutfak10.com/urun/triomaxx-armoni-3-kollu-soft-dondurma-makinesi,19,295,6.44%,6.33
https://www.mutfak10.com/urun/sgs-pm-9-e-9-tepsili-konveksiyonel-firin-mayalandirma-kabinli-elektrikli-40x60,19,240,7.92%,5.41
https://www.mutfak10.com/rms,19,238,7.98%,6.83
https://www.mutfak10.com/urun/wilfa-probaker-profesyonel-stand-mikser-7-litre/,19,185,10.27%,6.42
https://www.mutfak10.com/masat-nedir-nasil-kullanilir-en-iyi-masat-markalari/,18,2977,0.6%,8.19
https://www.mutfak10.com/kategori/sebze-dograma-makineleri/,18,1379,1.31%,9.66
https://www.mutfak10.com/urun/cagdas-paslanmaz-et-kiyma-makinesi-no-22-sifero-celik-dokum-kafa-220-v-400-kg-saat,18,1106,1.63%,6.73
https://www.mutfak10.com/urun/ugur-udm-40-c4d-dondurma-makinesi-112-l,18,990,1.82%,4.17
https://www.mutfak10.com/gorkem-mutfak,18,928,1.94%,6.2
https://www.mutfak10.com/kategori/pres-baski-firin-tepsileri,18,899,2%,8.44
https://www.mutfak10.com/urun/emsas-krom-80-lt-su-sebili-emk-80-ic-dis-krom,18,785,2.29%,6.24
https://www.mutfak10.com/kategori/tulumba-ve-kofte-sekillendirme-makineleri,18,785,2.29%,9.36
https://www.mutfak10.com/kategori/sicak-servis-uniteleri,18,763,2.36%,6.93
https://www.mutfak10.com/urun/cagdas-paslanmaz-sinir-ayiklamali-et-kiyma-makinesi-no-32-portatif-sifero-krom-celik-kafa-380-v-600-kg-saat/,18,509,3.54%,6.16
https://www.mutfak10.com/urun/oztiryakiler-okfe-202-firin-konveksiyonlu-kizakli-kit-arabali-20-adet-gn-2-1-tepsi-kapasiteli-elektrikli-6644,18,495,3.64%,6.48
https://www.mutfak10.com/urun/hana-donerci-terazisi-5-kg-dijital-gosterge,18,423,4.26%,5.72
https://www.mutfak10.com/urun/oztiryakiler-gastronom-izgara-teli-gn-1-1-13-mm-telli,18,413,4.36%,5.55
https://www.mutfak10.com/urun/sgs-sdm-50-spiral-hamur-yogurma-makinesi-25-kg-un-35-kg-hamur,18,396,4.55%,5.9
https://www.mutfak10.com/urun/wmf-1100s-degirmen-cikolata-hazneli-su-tanki-otomatik-temizlemeli,18,346,5.2%,6.52
https://www.mutfak10.com/urun/sahveli-zdk-26-zirh-kiyma-makinesi-6-litre,18,293,6.14%,7.98
https://www.mutfak10.com/arlinoks,18,160,11.25%,5.51
https://www.mutfak10.com/titanyum-tava-saglikli-mi,17,4329,0.39%,6.75
https://www.mutfak10.com/urun/kef-100py-pasta-teshir-dolabi-100-cm-air-frost,17,1290,1.32%,8.66
https://www.mutfak10.com/urun/drn-kuzine-firinli-ocak-4lu-100x100-gazli,17,1039,1.64%,08.04
https://www.mutfak10.com/hosk,17,977,1.74%,5.49
https://www.mutfak10.com/osimo,17,796,2.14%,9.24
https://www.mutfak10.com/urun/tiryaki-3-gozlu-bakir-cay-kazani-3-demlikli-elektrik-gaz/,17,795,2.14%,8.12
https://www.mutfak10.com/urun/tem-teb-icd-500-kg-cengel-baskul,17,737,2.31%,6.73
https://www.mutfak10.com/kategori/tutsuleme-ekipmanlari,17,701,2.43%,6.65
https://www.mutfak10.com/urun/drn-pleyt-izgara-120cm-gazli,17,585,2.91%,4.75
https://www.mutfak10.com/etiket/isitmali-borek-tezgahi,17,524,3.24%,7.49
https://www.mutfak10.com/urun/daub-hamur-bolme-yuvarlama-makinesi-36-bolmeli-40-110-gr,17,457,3.72%,7.12
https://www.mutfak10.com/urun/zicco-zcp-836-bar-kokteyl-seti-polikarbon-shakerli-11-parca,17,411,4.14%,5.56
https://www.mutfak10.com/urun/by-kitchen-dst-03-yuvarlak-pasta-teshir-dolabi-360-l,17,390,4.36%,4.43
https://www.mutfak10.com/senocak,17,384,4.43%,8.67
https://www.mutfak10.com/urun/mutfak10-firin-ici-izgara-tel-tepsi-40x60-cm,17,357,4.76%,7.92
https://www.mutfak10.com/urun/oztiryakiler-ctag-370-nts-buzdolabi-3-kapili-cihaz-alti-6644,17,356,4.78%,7.13
https://www.mutfak10.com/urun/ugur-udd-100-sc-r64-dondurma-muhafaza-dolabi-113-l,17,223,7.62%,6
https://www.mutfak10.com/kategori/sanayi-tipi-ocak,16,2011,0.8%,13.07
https://www.mutfak10.com/etiket/salata-bar-tezgahi,16,1822,0.88%,8.44
https://www.mutfak10.com/kategori/meyve-ve-sebze-kurutma-makineleri,16,1653,0.97%,22.6
https://www.mutfak10.com/urun/ugur-uss-374-dtklb-dikey-sise-sogutucu-5-rafli-372-l,16,1559,1.03%,4.36
https://www.mutfak10.com/urun/atalay-espresso-kahve-makinesi-tam-otomatik-2-gruplu-faema-e98-a2,16,1042,1.54%,5.42
https://www.mutfak10.com/urun/nuova-simonelli-appia-life-compact-tall-cup-tam-otomatik-espresso-kahve-makinesi-2-gruplu-siyah,16,1028,1.56%,6.5
https://www.mutfak10.com/urun/kef-fr250-bar-tip-tezgah-alti-buzdolabi-sise-sogutucu-2-kapili,16,942,1.7%,3.93
https://www.mutfak10.com/makfry,16,871,1.84%,7.37
https://www.mutfak10.com/urun/nuova-simonelli-appia-life-ii-yuksek-kasikli-tam-otomatik-kahve-makinesi-6644/,16,866,1.85%,7.26
https://www.mutfak10.com/urun/bogazici-60-lt-planet-mikser-hiz-kontrollu-dokum-govde,16,830,1.93%,6.66
https://www.mutfak10.com/urun/schaerer-coffee-soul-full-otomatik-espresso-kahve-makinesi,16,796,2.01%,7.72
https://www.mutfak10.com/urun/gmg-kgw-27-l-mini-top-waffle-makinesi-cift-kapakli,16,667,2.4%,6.85
https://www.mutfak10.com/urun/viber-vhe-hypd-10m-pro-hamur-yogurma-makinesi-devirmeli-10-kg-220-v,16,604,2.65%,6.41
https://www.mutfak10.com/urun/kalitegaz-4-radyanli-doner-robotu-gazli-rodo4g,16,464,3.45%,6.75
https://www.mutfak10.com/urun/oztiryakiler-x580-super-otomatik-kahve-makinesi-13-l-sut-sogutucu,16,376,4.26%,4.51
https://www.mutfak10.com/kategori/davlumbaz-ve-izgaralar,16,350,4.57%,5.59
https://www.mutfak10.com/urun/sgs-pm-d-10-10-tepsili-donerli-patisserie-firin-mayalandirma-kabinli-elektrikli-40x60,16,332,4.82%,6.19
https://www.mutfak10.com/eversys,16,283,5.65%,4.83
https://www.mutfak10.com/urun/kef-mix-planet-mikser-sari-7-litre,16,269,5.95%,05.06
https://www.mutfak10.com/cagdas-makina,15,1988,0.75%,7.94
https://www.mutfak10.com/kategori/salamander-izgaralar,15,1608,0.93%,8.63
https://www.mutfak10.com/urun/ztiryakiler-robot-coupe-cl-50-ultra-sebze-dograma-makinesi-biaksiz-442155,15,1119,1.34%,8.17
https://www.mutfak10.com/urun/oztiryakiler-gastronom-paslanmaz-tepsi-1-1-32-5x53x6-5-cm,15,1109,1.35%,5.92
https://www.mutfak10.com/kategori/konveksiyonel-firinlar,15,864,1.74%,14.29
https://www.mutfak10.com/urun/oztiryakiler-obm-1080-t-giyotin-tip-bulasik-yikama-makinesi-dijital,15,762,1.97%,6.46
https://www.mutfak10.com/urun/ktahya-porselen-isil-24-para-yemek-seti-831710,15,738,2.03%,8.13
https://www.mutfak10.com/urun/portabianco-pbw-1000-giyotin-tip-bulasik-makinesi,15,722,2.08%,8.66
https://www.mutfak10.com/urun/omake-setustu-mikser-7-litre-gri,15,714,2.1%,6.92
https://www.mutfak10.com/kategori/otomatik-portakal-sikma-makineleri,15,690,2.17%,12.94
https://www.mutfak10.com/urun/tem-terazi-ata-lcd-pazarci-tip-fiyat-hesaplamali-120-kilogram,15,531,2.82%,5.62
https://www.mutfak10.com/moretti-forni,15,518,2.9%,5.46
https://www.mutfak10.com/urun/oztiryakiler-700-seri-set-ustu-dortlu-ocak-gazli-80-70-30-ls-4x7-5kw,15,514,2.92%,6.99
https://www.mutfak10.com/urun/pimak-elektrikli-doner-konveksiyonlu-firin-40x60-cm-10-tepsi,15,497,3.02%,7.47
https://www.mutfak10.com/urun/yelkar-polietilen-strec-kesme-aparati-10x50-strece-gore,15,494,3.04%,7.78
https://www.mutfak10.com/urun/oztiryakiler-make-up-pizza-hazirlik-dolabi-2-kapili,15,485,3.09%,5.61
https://www.mutfak10.com/urun/sgs-sdm-35-spiral-hamur-yogurma-makinesi-15-kg-un-25-kg-hamur,15,482,3.11%,5.93
https://www.mutfak10.com/urun/ztiryakiler-700-seri-set-st-dkm-izgara-gazli-807030-573429,15,475,3.16%,6.52
https://www.mutfak10.com/urun/bogazici-adana-kebap-makinesi,15,403,3.72%,15.25
https://www.mutfak10.com/urun/mutfak10-barista-portafiltre-temizleme-fircasi-58-mm,15,386,3.89%,6.75
https://www.mutfak10.com/urun/ankun-2-demlikli-elektrikli-cay-kazani-25-lt-samandirali-siyah,15,386,3.89%,7.91
https://www.mutfak10.com/urun/melitta-e970-003-caffeo-ci-tam-otomatik-kahve-makinesi-saf-siyah,15,380,3.95%,11.66
https://www.mutfak10.com/urun/omis-his-40-planet-mikser-standli-40-litre-tran-model,15,297,5.05%,5.84
https://www.mutfak10.com/urun/mutfak10-espresso-portafilter-uyumlu-dozaj-huni-halkasi-58-mm,15,246,6.1%,7.19
https://www.mutfak10.com/urun/oztiryakiler-bulasik-makinesi-parlatici-dozaj-pompasi,15,196,7.65%,6.85
https://www.mutfak10.com/wega,14,2227,0.63%,8.17
https://www.mutfak10.com/kategori/kahve-degirmeni-ogutuculer,14,1665,0.84%,26.02
https://www.mutfak10.com/kategori/kunefe-ocaklari,14,1269,1.1%,8.4
https://www.mutfak10.com/urun/hana-hs-5500-fiyat-hesaplamali-terazi-lcd-gosterge-150-kg,14,1155,1.21%,7.68
https://www.mutfak10.com/urun/ugur-udd-600-bk-derin-dondurucu-1,14,1005,1.39%,9.98
https://www.mutfak10.com/etiket/simit-firini,14,912,1.54%,9.14
https://www.mutfak10.com/kategori/hamur-bolme-ve-yuvarlama-makineleri,14,852,1.64%,12.89
https://www.mutfak10.com/hoshizaki,14,773,1.81%,8.21
https://www.mutfak10.com/urun/oztiryakiler-oby-40m-bardak-yikama-makinesi-40x40-cm-sepetli-6644,14,755,1.85%,10.17
https://www.mutfak10.com/urun/oztiryakiler-soguk-hava-dondurucu-depo-split-tip-22-18-c-200x150-cm,14,702,1.99%,7.42
https://www.mutfak10.com/urun/cancan-ananas-soyma-makinesi-standi,14,667,2.1%,11.19
https://www.mutfak10.com/urun/by-kitchen-kivi-1910-market-buzdolabi-4-kapili-1850-l-1630-l,14,651,2.15%,3.97
https://www.mutfak10.com/urun/silver-cay-semaveri-10-lt-cift-demlik,14,625,2.24%,6.43
https://www.mutfak10.com/urun/ztiryakiler-helvane-tencere-kapakli-80x30-cm-136-l-442100,14,527,2.66%,6.53
https://www.mutfak10.com/urun/inox-fast-food-doner-robotu-50-kg-4-radyanli-alttan-motorlu-elektrikli,14,520,2.69%,6.8
https://www.mutfak10.com/urun/oztiryakiler-ha-30-hamur-acma-makinesi-6644,14,507,2.76%,6.71
https://www.mutfak10.com/urun/osimo-5-kg-klasik-hamur-yogurma-makinesi,14,480,2.92%,7.89
https://www.mutfak10.com/urun/cagdas-hidrolik-35-kg-sucuk-dolum-makinasi-komple-paslanmaz-celik-220v,14,374,3.74%,07.07
https://www.mutfak10.com/urun/oztiryakiler-mt002-dus-sprey-unitesi-tezgaha-monte-ara-musluklu,14,343,4.08%,6.71
https://www.mutfak10.com/urun/oztiryakiler-600-lmv-derin-dondurucu-tek-kapili-dik-tip-ekonomik,14,342,4.09%,6.31
https://www.mutfak10.com/urun/oztiryakiler-cay-makinesi-120-bardak-kapasiteli-6644,14,337,4.15%,7.87
https://www.mutfak10.com/urun/sgs-tg-2745-e-alt-ust-girintili-tost-makinesi-elektrikli,14,336,4.17%,4.93
https://www.mutfak10.com/urun/iceinox-ice-50-hazneli-buz-makinasi-45-kg-gun-kapasiteli,14,315,4.44%,8.11
https://www.mutfak10.com/urun/pimak-m017x-gazli-pizza-lahmacun-firini-3-adet-kapasiteli,14,304,4.61%,8.68
https://www.mutfak10.com/urun/ztiryakiler-orbalik-10-l-sb-6000-443556,14,297,4.71%,5.68
https://www.mutfak10.com/urun/drn-tost-makinasi-24-dilim-gazli,14,267,5.24%,6.76
https://www.mutfak10.com/urun/drn-yer-ocagi-cift-yanisli-60x60-gazli,14,253,5.53%,5.74
https://www.mutfak10.com/urun/gaggia-ri9480-13-new-classic-pro-2019-beyaz-espresso-makinesi,14,239,5.86%,05.05
https://www.mutfak10.com/urun/ugur-udm-160-h-hipermatik-dondurma-makinesi-160-l,14,232,6.03%,3.64
https://www.mutfak10.com/urun/gorkem-3-lu-benmari-1-2-gn-set-ustu-elektrikli-87x40-cm,14,226,6.19%,05.03
https://www.mutfak10.com/urun/emart-misir-patlatma-tenceresi-kucuk-boy,13,2164,0.6%,1.66
https://www.mutfak10.com/en-saglikli-tava-hangisi,13,1676,0.78%,13.52
https://www.mutfak10.com/urun/cancan-kollu-profesyonel-meyve-sikacagi,13,1478,0.88%,9.91
https://www.mutfak10.com/kategori/robot-coupe-bicaklari,13,995,1.31%,6.88
https://www.mutfak10.com/kategori/saladbar,13,931,1.4%,6.51
https://www.mutfak10.com/kategori/dikey-sise-sogutucular/,13,890,1.46%,9.7
https://www.mutfak10.com/etiket/firin-alti-yukseltici,13,818,1.59%,06.02
https://www.mutfak10.com/urun/ztiryakiler-tel-kevgir-kalin-24-cm-486659,13,760,1.71%,3.76
https://www.mutfak10.com/vitamix,13,743,1.75%,11.16
https://www.mutfak10.com/en-iyi-filtre-kahve-makinesi-siralamasi/,13,723,1.8%,14.24
https://www.mutfak10.com/urun/oztiryakiler-soguk-hava-deposu-dondurucu-panel-split-tip-22-18-c-150x150-cm,13,596,2.18%,7.6
https://www.mutfak10.com/kategori/helvane-tencereler,13,578,2.25%,09.06
https://www.mutfak10.com/urun/sengun-smart-hamur-acma-makinasi-40-cm-lahmacun-pide-pizza-lavas-sm-40,13,507,2.56%,08.06
https://www.mutfak10.com/urun/oztiryakiler-power-rinse-eco-bulasik-makinesi-parlatici-20-lt,13,485,2.68%,8.4
https://www.mutfak10.com/urun/ugur-8-gozlu-dondurma-teshir-dolabi-udr-8-sce,13,473,2.75%,5.77
https://www.mutfak10.com/urun/oztiryakiler-okfg-101-firin-konveksiyonlu-gazli-kizakli-10-adet-gn-1-1-tepsi-kapasiteli-6644,13,438,2.97%,7.49
https://www.mutfak10.com/urun/giyotin-tip-bulasik-yikama-mak-dijital-yarim-kazan-obm-1080d-pdrt,13,382,3.4%,7.4
https://www.mutfak10.com/urun/oztiryakiler-mekanik-sebze-yikama-makinesi-kurutmasiz-osy,13,358,3.63%,7.12
https://www.mutfak10.com/urun/sgs-po-k-50-gazli-konveyorlu-pizza-firini/,13,321,4.05%,6.69
https://www.mutfak10.com/urun/sgs-pm-60-planet-mikser-60-litre,13,274,4.74%,5.71
https://www.mutfak10.com/urun/nuova-simonelli-appia-tam-otomatik-espresso-kahve-makinesi-3-gruplu-6644,13,271,4.8%,6.73
https://www.mutfak10.com/urun/ztiryakiler-helvane-tencere-kapakli-110x35-cm-15-mm-289-l-446295,13,265,4.91%,7.2
https://www.mutfak10.com/urun/tem-rongta-rls-1100c-serisi-30kg-barkodlu-terazi-market-ve-perakende-icin,13,264,4.92%,5.3
https://www.mutfak10.com/urun/bogazici-ogutucu-bgo,13,243,5.35%,5.2
https://www.mutfak10.com/urun/ugur-uss-440-dtkl-dikey-sise-sogutucu-5-rafli-469-l,13,208,6.25%,4.48
https://www.mutfak10.com/urun/z-star-soguk-sikim-meyve-sebze-ve-bugday-cimi-sikacagi,13,170,7.65%,4.14
https://www.mutfak10.com/urun/electrolux-400257-set-alti-professional-bulasik-makinesi-drenaj-pompali-50x50-cm,13,169,7.69%,7.31
https://www.mutfak10.com/urun/empero-kuruyemis-isiticisi-4-cekmeceli-34x38x45-cm,13,166,7.83%,5.38
https://www.mutfak10.com/urun/dora-4-gozlu-saladbar-4-x-gn-1-1-kapasiteli,13,132,9.85%,4.37
https://www.mutfak10.com/urun/osimo-5-kg-klasik-hamur-yogurma-makinesi/,13,125,10.4%,8.9
https://www.mutfak10.com/urun/gastroplast-kulplu-arjantin-bira-bardagi-560-ml-polikarbon-seffaf,12,4615,0.26%,1.72
https://www.mutfak10.com/urun/nuova-simonelli-appia-ii-espresso-kahve-makinesi-2-gruplu-siyah,12,4240,0.28%,5.52
https://www.mutfak10.com/tempesta,12,1360,0.88%,6.7
https://www.mutfak10.com/urun/by-kitchen-market-buzdolabi-tek-kapili-550-l-537-l,12,1262,0.95%,3.63
https://www.mutfak10.com/kategori/endustriyel-firinlar/tas-tabanli-firinlar/,12,973,1.23%,9.26
https://www.mutfak10.com/urun/ugur-ubm-60-buz-makinesi,12,926,1.3%,6.56
https://www.mutfak10.com/kategori/ice-slush-ve-buzlas-makineleri,12,863,1.39%,17.23
https://www.mutfak10.com/kategori/dus-sprey-uniteleri,12,845,1.42%,7.67
https://www.mutfak10.com/urun/gmg-kgw-07-d-mini-top-waffle-makinesi,12,709,1.69%,2.77
https://www.mutfak10.com/urun/nuova-simonelli-appia-life-compact-tam-otomatik-espresso-kahve-makinesi-tall-cup-2-gruplu-beyaz,12,659,1.82%,7.74
https://www.mutfak10.com/urun/bogazici-sogutuculu-kiyma-makinesi,12,654,1.83%,8.41
https://www.mutfak10.com/kategori/pasta-borek-firinlari,12,643,1.87%,10.96
https://www.mutfak10.com/kategori/firin-tavalari,12,533,2.25%,8.47
https://www.mutfak10.com/urun/osimo-10-kg-klasik-hamur-yogurma-makinesi-1/,12,512,2.34%,11.07
https://www.mutfak10.com/urun/oztiryakiler-e30-super-otomatik-kahve-makinesi,12,475,2.53%,5.45
https://www.mutfak10.com/etiket/endustriyel-ogutucu,12,465,2.58%,9.35
https://www.mutfak10.com/urun/empero-emp-sie-020-mini-duz-pleyt-izgara-set-ustu-elektrikli-79x42-cm,12,421,2.85%,5.28
https://www.mutfak10.com/urun/sengun-hamurex-hamur-acma-makinasi-40-cm-lahmacun-pide-pizza-lavas-hx-40h,12,407,2.95%,07.05
https://www.mutfak10.com/urun/by-kitchen-kivi-1270-market-buzdolabi-cift-kapili-1200-l-1103-l,12,400,3%,4.78
https://www.mutfak10.com/urun/fiorenzato-f64-evo-sense-dark-titanyum-sogutmali-on-demand-kahve-degirmeni-64-mm-siyah,12,399,3.01%,7.54
https://www.mutfak10.com/kategori/sebze-yikama-makineleri,12,395,3.04%,11.52
https://www.mutfak10.com/urun/ztiryakiler-robot-coupe-r-5-plus-set-st-sebze-paralama-makinesigtc-55-l-6644-883885,12,388,3.09%,5.9
https://www.mutfak10.com/urun/kulsan-1521-r-thermoset-cay-tabagi-o-11-5-cm-kirmizi,12,373,3.22%,4.91
https://www.mutfak10.com/urun/oztiryakiler-bardak-yikama-makinesi-35x35-cm-sepetli-parlatici-deterjan-tahliye-pompali-6644,12,357,3.36%,7.51
https://www.mutfak10.com/marka/karacasan/,12,343,3.5%,7.78
https://www.mutfak10.com/urun/oztiryakiler-profi-10570-te-3-pide-pizza-lahmacun-firini-3-katli-mayalama-kabinli-6644,12,342,3.51%,6.54
https://www.mutfak10.com/urun/salva-moduler-e-20-tas-tabanli-firin-3-tepsili-pastane-modul/,12,340,3.53%,7.39
https://www.mutfak10.com/urun/sgs-tg-2740-e-alt-ust-girintili-tost-makinesi-elektrikli,12,294,4.08%,6.98
https://www.mutfak10.com/urun/ugur-udd-200-sc-r64-dondurma-muhafaza-dolabi-149-l,12,268,4.48%,6.86
https://www.mutfak10.com/urun/la-cimbali-m39-dosatron-dt-3-re-3-gruplu-tam-otomatik-espresso-kahve-makinesi,12,258,4.65%,8.32
https://www.mutfak10.com/urun/gmg-pb2m-128-2-katli-pasta-borek-firini-mayalandirma-kabinli,12,254,4.72%,4.72
https://www.mutfak10.com/urun/almetal-koseli-ince-tek-kullanimlik-baklava-tepsisi-25x35x3-5-cm,12,251,4.78%,9.3
https://www.mutfak10.com/urun/omis-shk-80-spiral-hamur-yogurma-makinesi-hiz-kontrollu-80-kg,12,242,4.96%,5.96
https://www.mutfak10.com/urun/oztiryakiler-okfe-101-firin-konveksiyonlu-elektrikli-kizakli-10-adet-gn-1-1-tepsi-kapasiteli,12,238,5.04%,6.9
https://www.mutfak10.com/urun/ugur-udm-40-l3d-dondurma-makinesi-84-l/,12,232,5.17%,5.8
https://www.mutfak10.com/urun/berkel-red-line-rl220-gida-dilimleme-makinesi-220-mm-kirmizi-6644,12,216,5.56%,5.23
https://www.mutfak10.com/urun/oztiryakiler-hibrit-konveksiyonel-hizli-pisirme-firini-okmf-33363,12,197,6.09%,7.76
https://www.mutfak10.com/urun/bosfor-ukm-12-et-kiyma-makinesi-125-kg-saat-220-volt,12,160,7.5%,7.94
https://www.mutfak10.com/urun/gastroplast-gic-01pp-gn-1-3-seffaf-polipropilen-dondurma-kuveti-4-5-l,12,158,7.59%,6.35
https://www.mutfak10.com/urun/pirge-superior-pastirma-bicagi-30-cm-91181/,12,152,7.89%,7.17
https://www.mutfak10.com/urun/omis-spiral-hamur-yogurma-makinesi-25-kg,12,150,8%,5.77
https://www.mutfak10.com/urun/mahlkonig-ek-omnia-kahve-ogutucu-degirmen-siyah,12,135,8.89%,6.87
https://www.mutfak10.com/urun/salva-moduler-e-20-tas-tabanli-firin-3-tepsili-pizza-modulu,12,109,11.01%,4.94
https://www.mutfak10.com/urun/empero-emp-300-f-12-f-09-kubik-20x20-mm-bicagi-alt-diski,12,87,13.79%,5.72
https://www.mutfak10.com/urun/electrolux-727793-tezgah-alti-sise-sogutucu-dolap-160-sirali,12,43,27.91%,5.7
https://www.mutfak10.com/oztiryakiler,11,2026,0.54%,11.52
https://www.mutfak10.com/kategori/set-alti-bulasik-makineleri,11,1193,0.92%,8.97
https://www.mutfak10.com/by-kitchen,11,941,1.17%,9.97
https://www.mutfak10.com/urun/oztiryakiler-paslanmaz-celik-sapsak-2-5-lt,11,932,1.18%,07.04
https://www.mutfak10.com/urun/smeg-nostalji-bar-tipi-buzdolabi-siyah-fab5rrd3,11,816,1.35%,9.53
https://www.mutfak10.com/etiket/mini-pasta-dolabi,11,726,1.52%,7.33
https://www.mutfak10.com/kategori/hamur-kestart-makineleri,11,705,1.56%,9.82
https://www.mutfak10.com/kategori/pilic-cevirme-makinesi/,11,670,1.64%,10.8
https://www.mutfak10.com/urun/ugur-udd-400-sc-r24-dondurma-muhafaza-dolabi-331-l,11,608,1.81%,6.98
https://www.mutfak10.com/urun/la-marzocco-kb90-tam-otomatik-espresso-kahve-makinesi-3-gruplu/,11,572,1.92%,8.65
https://www.mutfak10.com/urun/vbm-tecnique-tam-otomatik-espresso-kahve-makinesi-2-gruplu-beyaz,11,542,2.03%,7.32
https://www.mutfak10.com/urun/ugur-usd-4045-bk-super-derin-dondurucu-sandik-tipi-405-l,11,527,2.09%,7.25
https://www.mutfak10.com/urun/bogazici-32lik-sogumali-kiyma-makinesi-komple-paslanmaz-cikma-kafa,11,470,2.34%,08.08
https://www.mutfak10.com/urun/ztiryakiler-bulasik-yikama-makinesi-dijital-sepetli-tahliye-pompali-50x50-cm-491176/,11,469,2.35%,9.74
https://www.mutfak10.com/urun/oztiryakiler-konveksiyonlu-pastane-firini-elektrikli-60x40-tepsili-4-kizakli-monofaze,11,453,2.43%,08.02
https://www.mutfak10.com/urun/la-cimbali-m39-dosatron-dt-2-re-2-gruplu-tam-otomatik-espresso-kahve-makinesi,11,437,2.52%,7.54
https://www.mutfak10.com/urun/drn-beyran-ocagi-3lu-gazli,11,426,2.58%,7
https://www.mutfak10.com/kategori/sos-pompalari,11,405,2.72%,5.89
https://www.mutfak10.com/kategori/catering-termobox,11,402,2.74%,9.21
https://www.mutfak10.com/urun/drn-kuzine-firinli-ocak-6li-120x90-gazli,11,397,2.77%,8.64
https://www.mutfak10.com/urun/bogazici-spiral-hamur-yogurma-makinasi-kapakli-150-kg-un-235-kg-hamur,11,395,2.78%,5.99
https://www.mutfak10.com/urun/atalay-e-aei-1060-set-ustu-elektrikli-duz-pleyt-izgara-100x60x30-cm,11,387,2.84%,6.96
https://www.mutfak10.com/kategori/buhar-yogunlastiricili-davlumbazmayalandirmalar,11,354,3.11%,7.95
https://www.mutfak10.com/urun/rubikap-tek-kullanimlik-pet-sise-500-ml-seffaf,11,339,3.24%,7.31
https://www.mutfak10.com/urun/empero-emp-8ec-pilic-cevirme-makinesi-komurlu-48-pilic-kapasiteli,11,334,3.29%,6.98
https://www.mutfak10.com/kategori/su-sut-otomatlari,11,331,3.32%,8.85
https://www.mutfak10.com/urun/hana-hs-5500-fiyat-hesaplamali-terazi-lcd-gosterge-150-kg/,11,321,3.43%,8.21
https://www.mutfak10.com/urun/oztiryakiler-bulasik-makinesi-deterjani-sert-sular-icin-power-matic-pro-20-lt,11,320,3.44%,7.79
https://www.mutfak10.com/urun/oztiryakiler-gurmeaid-mikser-4-8-litre-1000-watt-gri,11,281,3.91%,6.83
https://www.mutfak10.com/urun/oztiryakiler-bulasik-makinesi-deterjan-dozaj-pompasi/,11,269,4.09%,7.86
https://www.mutfak10.com/urun/bogazici-50-kg-patates-soyma-makinasi-paslanmz-bps-50,11,268,4.1%,7.3
https://www.mutfak10.com/kategori/barista-ekipmanlari/,11,261,4.21%,25.83
https://www.mutfak10.com/otto,11,260,4.23%,7.32
https://www.mutfak10.com/kategori/benmari-ve-notr-servis-uniteleri,11,247,4.45%,7.15
https://www.mutfak10.com/urun/sgs-po-6262-de-cift-katli-pizza-firini-elektrikli-4-4-pizza-o-30-cm,11,224,4.91%,4.32
https://www.mutfak10.com/urun/bogazici-kofte-karistirma-makinesi-50-kg,11,222,4.95%,7.45
https://www.mutfak10.com/urun/remta-cb17-musluklu-bardak-corba-isiticisi-14-l,11,219,5.02%,8.16
https://www.mutfak10.com/urun/cagdas-catalli-kapakli-hamur-yogurma-makinasi-10-kg-un-12-kg-hamur-360v,11,213,5.16%,7.97
https://www.mutfak10.com/urun/kalerm-x580-super-otomatik-kahve-makinesi-13-l-sut-sogutucu,11,198,5.56%,6.81
https://www.mutfak10.com/urun/zicco-jsjk-02-asci-dekor-takimi-buyuk-kutulu-80-parca,11,186,5.91%,6.25
https://www.mutfak10.com/urun/coffee-tech-steam-pro-sut-kopurtme-makinesi,11,142,7.75%,6.56
https://www.mutfak10.com/urun/sgs-po-profi-10570-de-o-34-cm-6-6-tava-kapasiteli-pizza-firini-alttan-acilmali-kapak,11,137,8.03%,5.1
https://www.mutfak10.com/urun/sgs-md-1200-1-alt-standli-cok-amacli-firin-cift-katli,11,123,8.94%,6.17
https://www.mutfak10.com/urun/cagdas-catalli-hamur-yogurma-makinasi-150-kg-un-180-kg-hamur-380v/,11,113,9.73%,07.02
https://www.mutfak10.com/urun/empero-emp-yt-01-yag-ayirici-10-lt,11,98,11.22%,6.14
https://www.mutfak10.com/faema,10,1933,0.52%,7.35
https://www.mutfak10.com/urun/ugur-udd-500-bk-derin-dondurucu-448145,10,1392,0.72%,10.3
https://www.mutfak10.com/urun/oztiryakiler-mini-barista-ev-tipi-ogutuculu-espresso-kahve-makinesi-pid-cift-kazan-10-parcali-firsat-paketi,10,1294,0.77%,7.22
https://www.mutfak10.com/zicco,10,1034,0.97%,8.75
https://www.mutfak10.com/urun/ugur-yatay-derin-dondurucu-sogutucu-ev-tipi-ued-460-ds-a-445679,10,1010,0.99%,9.61
https://www.mutfak10.com/kategori/induksiyonlu-ocaklar,10,987,1.01%,33.06
https://www.mutfak10.com/urun/wega-lunna-evd2-tc-otomatik-espresso-kahve-makinesi-beyaz,10,823,1.22%,5.55
https://www.mutfak10.com/mor-isik-sinek-oldurucu-zararlari/,10,628,1.59%,8.28
https://www.mutfak10.com/urun/gn-1200-nmv-4-yarim-inox-kapi-dik-tip-buzdolabi,10,615,1.63%,5.27
https://www.mutfak10.com/urun/oztiryakiler-baklava-oklavasi-90-cm,10,604,1.66%,3.13
https://www.mutfak10.com/urun/inoksan-bym052st-bulasik-makinesi-500-tabak-kapasiteli-tahliye-pompali,10,544,1.84%,7.48
https://www.mutfak10.com/urun/empero-emp-hkt-03-hamur-beze-makinesi-43x65x80-cm,10,462,2.16%,8.34
https://www.mutfak10.com/urun/gastrolley-100-25-ikili-hastane-sicak-servis-arabasi-isitmali-notr-101x79x158-cm,10,454,2.2%,5.99
https://www.mutfak10.com/urun/bogazici-75-kg-hamur-yogurma-makinasi,10,451,2.22%,5.73
https://www.mutfak10.com/la-san-marco,10,444,2.25%,7.13
https://www.mutfak10.com/urun/oztiryakiler-chafing-dish-gn-1-1-cam-kapak,10,440,2.27%,5.6
https://www.mutfak10.com/urun/osimo-22-no-et-kiyma-makinesi,10,406,2.46%,10.03
https://www.mutfak10.com/urun/portabianco-pbw500-set-alti-bulasik-yikama-makinesi-500-tabak-saat,10,381,2.62%,06.08
https://www.mutfak10.com/senox,10,375,2.67%,08.02
https://www.mutfak10.com/urun/bardak-yikama-makinasi-basketi,10,372,2.69%,6.24
https://www.mutfak10.com/urun/atalay-doner-tasima-arabasi-adta-14,10,371,2.7%,6.63
https://www.mutfak10.com/urun/sofuoglu-duz-firin-tavasi-53x65-cm,10,341,2.93%,7.68
https://www.mutfak10.com/urun/franke-a300-super-otomatik-kahve-makinesi,10,334,2.99%,10.18
https://www.mutfak10.com/urun/emart-kuruyemis-isitici-2-cekmeceli,10,330,3.03%,5.32
https://www.mutfak10.com/urun/ugur-usa-t86ps-su-aritma-cihazi,10,326,3.07%,07.09
https://www.mutfak10.com/vosco,10,322,3.11%,12.4
https://www.mutfak10.com/urun/ugur-dondurma-yapma-makinesi-udm-16-l4y-1,10,315,3.17%,4.2
https://www.mutfak10.com/urun/kapp-sirman-induksiyon-ocak-ih35,10,313,3.19%,06.04
https://www.mutfak10.com/urun/sofuoglu-baget-tavasi-60x80-cm,10,294,3.4%,6.67
https://www.mutfak10.com/urun/bezzera-arcadia-de-tam-otomatik-espresso-kahve-makinesi-yuksek-sase-2-gruplu,10,290,3.45%,6.32
https://www.mutfak10.com/urun/kapp-celik-duduklu-tencere-18-lt-32x23-cm,10,290,3.45%,6.96
https://www.mutfak10.com/urun/seamac-toe20-20-dilim-tost-makinesi-elektrikli,10,289,3.46%,5.92
https://www.mutfak10.com/urun/mateka-eko-260m-sebze-sogan-dograma-makinesi-boyali-7-l-220v,10,275,3.64%,7.87
https://www.mutfak10.com/urun/magister-2-gruplu-tam-otomatik-espresso-kahve-makinesi-tall-cup-siyah,10,271,3.69%,7.73
https://www.mutfak10.com/urun/ugur-5-gozlu-dondurma-teshir-dolabi-udr-5-sce-ts,10,266,3.76%,04.07
https://www.mutfak10.com/urun/triomaxx-kora-3-musluklu-soft-dondurma-frozen-ve-yogurt-makinasi,10,260,3.85%,5.6
https://www.mutfak10.com/urun/hamilton-beach-cpm800-set-ustu-mikser-8-litre,10,248,4.03%,3.45
https://www.mutfak10.com/urun/csa-2-kapili-tezgah-tipi-buzdolabi-474-l-160x60-cm-430-kalite,10,241,4.15%,6.9
https://www.mutfak10.com/urun/ugur-udd-500-sce-r24-dondurma-muhafaza-dolabi-381-l,10,235,4.26%,5.71
https://www.mutfak10.com/urun/ugur-udr-14-sce-anka-r22-dondurma-teshir-reyonu,10,231,4.33%,5.19
https://www.mutfak10.com/urun/senox-2-kapili-dik-tip-siyah-sise-sogutucu-745-717-litre-sds-770-dc-2-df,10,217,4.61%,5.65
https://www.mutfak10.com/urun/oztiryakiler-fircali-kazan-yikama-makinasi,10,212,4.72%,7.22
https://www.mutfak10.com/urun/portashelf-4-katli-tel-istif-rafi-46x137x183-cm-304,10,209,4.78%,5.84
https://www.mutfak10.com/kategori/acik-bufe-sunum-yukselticileri,10,208,4.81%,8.51
https://www.mutfak10.com/urun/ztiryakiler-helvane-tencere-kapaklisapli-100x35-cm-258-l-442110,10,202,4.95%,6.85
https://www.mutfak10.com/urun/empero-emp-hkt-01-hamur-kestart-makinesi-47x82x79-cm,10,194,5.15%,8.63
https://www.mutfak10.com/urun/empero-jp-md-02-mikrodalga-firin-30-l,10,189,5.29%,6.5
https://www.mutfak10.com/urun/compak-cube-tamp-otomatik-tamper,10,187,5.35%,07.02
https://www.mutfak10.com/urun/oztiryakiler-baklava-oklavasi-120-cm,10,172,5.81%,3.27
https://www.mutfak10.com/urun/omis-shk-50-spiral-hamur-yogurma-makinesi-hiz-kontrollu-50-kg/,10,171,5.85%,4.53
https://www.mutfak10.com/urun/ndustrio-2-kapili-ustten-motorlu-dik-tip-gastronorm-buzdolabi-1600-l-pnx-cpg-202-uc-1,10,166,6.02%,5.45
https://www.mutfak10.com/urun/inox-fast-food-doner-robotu-150-kg-10-radyanli-alttan-motorlu-elektrikli,10,160,6.25%,6.88
https://www.mutfak10.com/urun/sgs-po-9292-de-cift-katli-pizza-firini-elektrikli-9-9-pizza-o-30-cm,10,142,7.04%,4.86
https://www.mutfak10.com/urun/inox-fast-food-doner-robotu-100-kg-5-radyanli-alttan-motorlu-elektrikli,10,84,11.9%,5.64
https://www.mutfak10.com/urun/empero-jp-vc65-sebze-dograma-makinesi-240-kg-saat-220-v,10,83,12.05%,3.75
https://www.mutfak10.com/urun/sinek-oldurucu-cihaz-110-m2,10,78,12.82%,07.05
https://www.mutfak10.com/urun/oztiryakiler-oby-35t-pdt-35x35-cm-bardak-yikama-makinesi-tahliye-ve-dozaj-pompali-dijital-500-bardak-saat,10,69,14.49%,5.38
https://www.mutfak10.com/starbucks-kahve-makinesi-markasi,9,1774,0.51%,12.83
https://www.mutfak10.com/urun/ugur-usa-t85b-su-aritma-cihazi,9,1307,0.69%,7.59
https://www.mutfak10.com/himaksan,9,1266,0.71%,7.1
https://www.mutfak10.com/urun/fiorenzato-f64e-kahve-ogutucusu,9,865,1.04%,7
https://www.mutfak10.com/dampak,9,792,1.14%,7.27
https://www.mutfak10.com/astema,9,671,1.34%,5.7
https://www.mutfak10.com/iletisim_sp.html,9,631,1.43%,03.01
https://www.mutfak10.com/urun/rational-active-green-firin-temizleme-tableti-150-adet,9,624,1.44%,6.24
https://www.mutfak10.com/urun/hamur-yogurma-makinasi-15-kg-un-kapasite-220-v,9,590,1.53%,7.4
https://www.mutfak10.com/urun/oztiryakiler-cift-sapli-tava-100-x-18-cm,9,575,1.57%,8.41
https://www.mutfak10.com/urun/la-san-marco-d-multiboiler-2-gruplu-tam-otomatik-espresso-kahve-makinesi-ingiliz-yesili,9,567,1.59%,5.53
https://www.mutfak10.com/urun/oztiryakiler-cay-makinesi-400-bardak-kapasiteli-6644,9,548,1.64%,7.53
https://www.mutfak10.com/urun/bogazici-35-kg-hamur-yogurma-makinesi,9,530,1.7%,10.29
https://www.mutfak10.com/urun/oztiryakiler-duz-camli-teshir-dolabi-notr-290-l,9,461,1.95%,5.95
https://www.mutfak10.com/urun/gtech-sc-293f-bar-arkasi-sise-sogutucu-dolap-dik-tip-tek-kapili-293-l,9,434,2.07%,4.54
https://www.mutfak10.com/urun/bogazici-40-cm-hamur-acma-makinesi,9,403,2.23%,7.25
https://www.mutfak10.com/urun/cagdas-catalli-devirmeli-hamur-yogurma-makinasi-50-kg-un-70-kg-hamur-220v/,9,403,2.23%,8.39
https://www.mutfak10.com/urun/rational-elektrikli-firin-6x2-3-gn-icombi-pro/,9,399,2.26%,7.34
https://www.mutfak10.com/urun/altinbasak-sag-el-benmari-tencere-16-cm,9,392,2.3%,7.15
https://www.mutfak10.com/urun/oztiryakiler-okfbe-40604-patisserie-firin-4-tepsi-kapasiteli-40x60-cm-elektrikli,9,367,2.45%,7.7
https://www.mutfak10.com/urun/gorkem-duz-pleyt-izgara-set-ustu-elektrikli-70x50-cm,9,344,2.62%,7.94
https://www.mutfak10.com/urun/xlvi-sth9-2gr-tam-otomatik-espresso-kahve-makinesi-2-gruplu-inox,9,313,2.88%,6.17
https://www.mutfak10.com/urun/ztiryakiler-700-seri-fritz-set-st-gazli-80x70x30-cm-6644-446830,9,310,2.9%,6.42
https://www.mutfak10.com/urun/omis-rms-60-planet-mikser-standli-60-litre-yunus-model,9,301,2.99%,5.92
https://www.mutfak10.com/kategori/dondurma-ficilari,9,297,3.03%,6.19
https://www.mutfak10.com/urun/ugur-udr-30-sirius-dondurma-teshir-reyonu/,9,293,3.07%,5.2
https://www.mutfak10.com/urun/vbm-lollo-tam-otomatik-espresso-kahve-makinesi-1-gruplu-inox,9,288,3.12%,6.93
https://www.mutfak10.com/urun/cancan-28-cafe-tipi-otomatik-portakal-sikma-makinesi,9,286,3.15%,7.76
https://www.mutfak10.com/urun/by-kitchen-dsd-300-sebze-dograma-makinesi-300kg-h,9,275,3.27%,7.44
https://www.mutfak10.com/urun/gorkem-tost-makinesi-20-dilim-gazli-50x44-cm,9,261,3.45%,6.85
https://www.mutfak10.com/urun/makfry-paneleme-unitesi-pan-202,9,261,3.45%,7.81
https://www.mutfak10.com/urun/empero-jp-160-s-sogutmali-teshir-unitesi-160-lt-88x56-cm,9,252,3.57%,6.43
https://www.mutfak10.com/urun/ugur-udm-300-h-hipermatik-dondurma-makinesi-700-l,9,249,3.61%,7.38
https://www.mutfak10.com/urun/franke-a800-super-otomatik-kahve-makinesi,9,248,3.63%,6.62
https://www.mutfak10.com/urun/oztiryakiler-ta-270-nmv-buzdolabi-cift-kapili-yatay-tezgah-tip-6644,9,240,3.75%,6.69
https://www.mutfak10.com/urun/remta-s15-4-tepsili-patisserie-firin-manuel-380-v,9,228,3.95%,6.5
https://www.mutfak10.com/urun/kef-fr350-bar-tip-tezgah-alti-buzdolabi-sise-sogutucu-3-kapili,9,218,4.13%,3.87
https://www.mutfak10.com/urun/kalerm-e30-super-otomatik-kahve-makinesi,9,218,4.13%,4.76
https://www.mutfak10.com/urun/epinox-md-05-mandolin-cips-dilimleyici,9,214,4.21%,7.13
https://www.mutfak10.com/urun/senox-soguk-su-sebili-400-litre-400lk,9,201,4.48%,06.05
https://www.mutfak10.com/urun/oztiryakiler-obm-1080-t-giyotin-tip-bulasik-yikama-makinesi-dijital/,9,200,4.5%,6.63
https://www.mutfak10.com/kategori/kele-paca-ocaklari,9,195,4.62%,7.67
https://www.mutfak10.com/urun/oztiryakiler-pzc-35-yuksek-plexiglass-kapakli-pizza-hazirlik-unitesi,9,183,4.92%,5.22
https://www.mutfak10.com/urun/wega-lunna-evd2-tc-otomatik-espresso-kahve-makinesi,9,173,5.2%,6.8
https://www.mutfak10.com/urun/makfry-vakumlu-marinasyon-makinesi-mt-40,9,162,5.56%,6.45
https://www.mutfak10.com/urun/ztiryakiler-gn-1200-nmv-buzdolabi-ift-kapili-dik-tip-ekonomik-541440,9,161,5.59%,6.4
https://www.mutfak10.com/kategori/isitmali-sos-pompalari,9,146,6.16%,4.42
https://www.mutfak10.com/urun/oztiryakiler-gurmeaid-stand-mikser-6-7-litre-beyaz,9,140,6.43%,6.47
https://www.mutfak10.com/urun/empero-emp-ha-04-tek-merdane-hamur-acma-makinesi-40-cm,9,138,6.52%,7.36
https://www.mutfak10.com/urun/atalay-alttan-motorlu-doner-robotu-gazli-14-gozlu-adr-14g,9,131,6.87%,6.84
https://www.mutfak10.com/urun/bogazici-bsde-eco-sogan-dograma-makinesi,9,123,7.32%,7.99
https://www.mutfak10.com/urun/kulsan-53x37-lamine-kaymaz-tepsi,9,122,7.38%,4.81
https://www.mutfak10.com/urun/oztiryakiler-doner-ocagi-ust-motor-grubu,9,122,7.38%,7.26
https://www.mutfak10.com/urun/saeco-magic-m2-plus-sebeke-baglantili-tam-otomatik-kahve-makinesi,9,119,7.56%,11.66
https://www.mutfak10.com/urun/empero-plf-d4-pide-ve-lahmacun-firini-gazli-emniyet-ventilli-120x140-cm,9,118,7.63%,7.16
https://www.mutfak10.com/urun/portabianco-1280-bar-blender-2-5-l-1680-w-siyah,9,115,7.83%,6.14
https://www.mutfak10.com/urun/atalay-e-aef-460-set-ustu-fritoz-elektrikli-30x60x30-cm,9,114,7.89%,06.03
https://www.mutfak10.com/urun/sgs-po-6292-de-cift-katli-pizza-firini-elektrikli-6-6-pizza-o-30-cm,9,109,8.26%,5.24
https://www.mutfak10.com/urun/by-kitchen-dcs-cikolata-cesmesi-ve-selalesi-33x33x61-3-cm,9,107,8.41%,6.7
https://www.mutfak10.com/urun/mazzer-super-jolly-v-pro-electronic-otomatik-espresso-kahve-degirmeni,9,97,9.28%,7.37
https://www.mutfak10.com/urun/portabianco-filtre-kahve-makinesi-1-8-litre-144-fincan-saat-kapasiteli-beyaz,9,91,9.89%,8.77
https://www.mutfak10.com/urun/hawos-novum-tas-un-degirmeni,9,67,13.43%,7.4
https://www.mutfak10.com/urun/kef-flt120-filtre-kahve-kagidi-1000-adet/,9,46,19.57%,5.72
https://www.mutfak10.com/urun/biradli-brd-3101-istiridye-melamin-sunum-tabagi-25-3x23-5x2-8-cm,9,44,20.45%,7.14
https://www.mutfak10.com/urun/remta-st14-ayran-sogutucu-2-hazneli-ayran-ayran-20-20-l,9,40,22.5%,6.38
https://www.mutfak10.com/celik-tencere-firina-girer-mi,8,3284,0.24%,7.53
https://www.mutfak10.com/urun/drnset-ustu-ocak-6li-130x80-gazli,8,2740,0.29%,7.77
https://www.mutfak10.com/urun/nuova-simonelli-appia-life-compact-tam-otomatik-espresso-kahve-makinesi-tall-cup-2-gruplu-kirmizi,8,1236,0.65%,5.72
https://www.mutfak10.com/iletisim/,8,1224,0.65%,1.38
https://www.mutfak10.com/yilmaz-et-makinalari,8,922,0.87%,8.84
https://www.mutfak10.com/urun/yelkar-plastik-polietilen-dograma-levhasi-yesil-1,8,857,0.93%,8.25
https://www.mutfak10.com/urun/empero-emp-500-f-set-alti-bulasik-makinesi-220v-deterjan-parlatici-ve-tahliye-pompali-500-tabak-saat,8,606,1.32%,7.22
https://www.mutfak10.com/urun/faema-e98-a-2-tam-otomatik-espresso-kahve-makinesi-seti-yuksek-sase-2-gruplu-10-parca,8,588,1.36%,6.74
https://www.mutfak10.com/pratica,8,566,1.41%,5.21
https://www.mutfak10.com/inoksan,8,564,1.42%,13.07
https://www.mutfak10.com/kategori/sogutuculu-acik-bufe-teshir-standlari,8,518,1.54%,13.01
https://www.mutfak10.com/urun/atalay-pizza-firini-40x40-tek-katli-apf-40-1,8,509,1.57%,08.02
https://www.mutfak10.com/urun/oztiryakiler-indiksuyonlu-isitici-gomme-500-2000-w-30-2x37-2x7-7-cm,8,508,1.57%,3.83
https://www.mutfak10.com/urun/empero-emp-lk-006-saray-ve-izmir-lokma-makinesi-tezgahi,8,503,1.59%,7.26
https://www.mutfak10.com/urun/atese-cappadocia-smart-elektrikli-4-demlikli-cay-kazani-30-30-l-statik,8,430,1.86%,7.85
https://www.mutfak10.com/kategori/hamur-dinlendirme-dolaplari,8,419,1.91%,7.24
https://www.mutfak10.com/urun/cemko-1010-misir-patlatma-ve-bardak-misir-arabasi-4-kg-kapasiteli-ankara-model,8,414,1.93%,7.5
https://www.mutfak10.com/kategori/tabak-tasima-arabalari,8,412,1.94%,7.61
https://www.mutfak10.com/kategori/bar-pipetlik-pecetelik,8,388,2.06%,7.53
https://www.mutfak10.com/urun/cop-kovasi-pedalli-pasl-end-tip-70-lt,8,387,2.07%,8.31
https://www.mutfak10.com/urun/viber-vhe-sd-08-sogan-dograma-makinesi-8-litre,8,380,2.11%,5.68
https://www.mutfak10.com/urun/bunn-airpot-celik-termos-2-5-lt,8,378,2.12%,6.83
https://www.mutfak10.com/urun/atese-bakir-kapali-ocakbasi-izgara-davlumbazli-200-cm,8,367,2.18%,8.8
https://www.mutfak10.com/kategori/depo-tipi-buzdolaplari,8,357,2.24%,7.48
https://www.mutfak10.com/kategori/su-boregi-ocaklari,8,352,2.27%,9.46
https://www.mutfak10.com/kategori/sise-sogutucular,8,340,2.35%,8.16
https://www.mutfak10.com/urun/escobarista-barista-space-latte-pitcher-600-ml-gokkusagi,8,335,2.39%,6.42
https://www.mutfak10.com/gtech,8,334,2.4%,10.17
https://www.mutfak10.com/urun/oztiryakiler-pizza-firini-4lu-elektrikli-6644,8,332,2.41%,7.24
https://www.mutfak10.com/urun/ztiryakiler-tel-kevgir-ince-30-cm-460380,8,327,2.45%,7.27
https://www.mutfak10.com/brawi,8,323,2.48%,7.24
https://www.mutfak10.com/urun/ugur-uss-1000-dsc-dikey-sise-sogutucu-5-rafli-cift-kapili-915-l,8,322,2.48%,5.94
https://www.mutfak10.com/urun/ugur-udr-24-kanuni-dondurma-teshir-reyonu,8,318,2.52%,05.06
https://www.mutfak10.com/urun/pimak-elektrikli-doner-arabali-ekmek-firini-53x65-cm-15-tepsi,8,309,2.59%,6.83
https://www.mutfak10.com/cunill,8,304,2.63%,10.54
https://www.mutfak10.com/urun/drn-pleyt-izgara-120cm-elektrikli,8,302,2.65%,9.21
https://www.mutfak10.com/urun/oztiryakiler-kombi-firin-elektrikli-10-gn-2-1-kizakli,8,293,2.73%,6.84
https://www.mutfak10.com/urun/taylor-736-yumusak-dondurma-makinesi-8-litre/,8,284,2.82%,7.24
https://www.mutfak10.com/liebherr,8,283,2.83%,12.94
https://www.mutfak10.com/urun/eureka-helios-65-kahve-degirmeni-beyaz,8,270,2.96%,7.2
https://www.mutfak10.com/urun/kalando-kd-021-benmari-isitmali-sos-pompasi-musluk-isitmali-paslanmaz-gn-1-4-5-25-l,8,259,3.09%,4.39
https://www.mutfak10.com/urun/gorkem-2-li-benmari-1-2-set-ustu-elektrikli-60x40-cm,8,253,3.16%,6.64
https://www.mutfak10.com/urun/vitamix-vita-prep-3-profesyonel-mutfak-ve-chef-blender-2-l-1200-w-kirmizi,8,253,3.16%,6.87
https://www.mutfak10.com/urun/sanremo-f18-sb-2-gr-espresso-kahve-makinesi,8,252,3.17%,6.73
https://www.mutfak10.com/urun/kef-hc-880-lab-profesyonel-kahve-ogutme-degirmeni,8,250,3.2%,5.85
https://www.mutfak10.com/urun/gorkem-4-lu-davlumbazli-komurlu-izgara-140x60-cm,8,250,3.2%,6.32
https://www.mutfak10.com/urun/unox-bakerlux-speed-pro-konveksiyonlu-hizli-pisirici-3-tepsili-46x33-cm-xesw-03hs-eddn,8,247,3.24%,5.59
https://www.mutfak10.com/urun/bogazici-paslanmaz-sogutmali-kiyma-makinesi-bpkm-22-s,8,243,3.29%,7.84
https://www.mutfak10.com/urun/ztiryakiler-yemek-tasima-kabi-tabansiz-24x24-cm-105-l-6644-889538,8,237,3.38%,5.97
https://www.mutfak10.com/urun/kef-bl25-profesyonel-el-blender,8,237,3.38%,6.2
https://www.mutfak10.com/urun/salva-moduler-em-20-02-tas-tabanli-firin-2-tepsili-60-40-cm-pastane-modulu-buhar,8,231,3.46%,5.62
https://www.mutfak10.com/cafe-acmanin-puf-noktalari,8,230,3.48%,13.14
https://www.mutfak10.com/urun/electrolux-emz729emk-mikrodalga-firin-29-litre,8,219,3.65%,7.56
https://www.mutfak10.com/urun/himaksan-8-dilim-tost-makinesi-elektrikli-35x40-cm-hmk-tse-8,8,218,3.67%,7.77
https://www.mutfak10.com/urun/spidocook-sp-010-p-izgara-tost-makinesi-duz-yuzey-seramik,8,212,3.77%,5.69
https://www.mutfak10.com/urun/faema-president-gti-a3-tam-otomatik-espresso-kahve-makinesi-3-gruplu,8,211,3.79%,4.14
https://www.mutfak10.com/urun/ztiryakiler-yemek-tasima-kabi-tabansiz-40x40-cm-50-l-6644-441555,8,211,3.79%,6.35
https://www.mutfak10.com/urun/kms-meychoco-cikolata-cesmesi-10-kg,8,210,3.81%,8.75
https://www.mutfak10.com/kategori/yag-tutucular,8,195,4.1%,9.33
https://www.mutfak10.com/urun/macap-mi40-c71-touch-titanyum-kahve-degirmeni-65-mm-siyah,8,192,4.17%,3.98
https://www.mutfak10.com/urun/senox-bar-tipi-sise-sogutucu-dolap-iki-kapili-250-litre-bbc-250,8,192,4.17%,7.36
https://www.mutfak10.com/urun/mussana-krema-makinesi-2-litre,8,189,4.23%,9.72
https://www.mutfak10.com/urun/gurmeaid-14-5x9-5x4-5-cm-mini-celik-dikdortgen-tencere,8,183,4.37%,2.67
https://www.mutfak10.com/urun/astema-gastronorm-seri-dik-tip-cift-kapili-buzdolabi-1400-l-430-k,8,180,4.44%,4.56
https://www.mutfak10.com/urun/ztiryakiler-600-seri-set-st-fritz-ikili-77-l-60x60x26-cm-6644-874985,8,180,4.44%,5.91
https://www.mutfak10.com/urun/oztiryakiler-2000l-bulasik-yikama-makinesi-konveyorlu-kurutmali-soldan-giris-6644,8,180,4.44%,7.11
https://www.mutfak10.com/urun/empero-sh-09-spiral-hamur-yogurma-makinesi-6-kg-un-10-kg-hamur-220-v,8,179,4.47%,6.31
https://www.mutfak10.com/urun/gtech-10-tepsili-meyve-ve-sebze-kurutma-makinesi-ss-10h,8,176,4.55%,07.09
https://www.mutfak10.com/kategori/waffle-makinesi-kaliplari,8,175,4.57%,7.49
https://www.mutfak10.com/urun/salva-moduler-ed-20-tas-tabanli-firin-6-tepsili-pastane-modul,8,173,4.62%,3.87
https://www.mutfak10.com/urun/venarro-dgf-k10-konveksiyonlu-firin-manuel-gazli-10-gn-1-1-tepsi-kapasiteli,8,170,4.71%,6.45
https://www.mutfak10.com/urun/vital-gfp7020-700-seri-gazli-fritoz-cift-hazneli-20-lt,8,166,4.82%,4.96
https://www.mutfak10.com/urun/pirge-elite-forged-kasap-bicagi-14-5-cm-31371,8,164,4.88%,9.3
https://www.mutfak10.com/urun/oztiryakiler-cift-kapili-dik-tip-derin-dondurucu-gn-1200-lmv-eco-model-430-kalite,8,148,5.41%,6.56
https://www.mutfak10.com/urun/oztiryakiler-bulbul-oklava-80-cm,8,142,5.63%,6.29
https://www.mutfak10.com/urun/empero-sh-03-spiral-hamur-yogurma-makinesi-cift-devirli-35-kg-un-60-kg-hamur-380-v,8,142,5.63%,6.92
https://www.mutfak10.com/urun/gtech-ef708-s-set-ustu-stand-mikser-gri-4-8-l,8,141,5.67%,6.48
https://www.mutfak10.com/urun/pimak-m010b-cift-vitrinli-lavtasli-pilic-makinasi-48-kapasiteli-gazli,8,129,6.2%,6.41
https://www.mutfak10.com/urun/kaynatma-tenceresi-indirekt-elektrikli-250-lt-100-110-85-silindirik-kazanli,8,129,6.2%,7.28
https://www.mutfak10.com/urun/empero-set-alti-derin-2-cekmeceli-buzdolabi-kokteyl-tezgahi-120x60x85-cm,8,127,6.3%,4.17
https://www.mutfak10.com/urun/ugur-udm-350-l-hs-ugurmatik-dondurma-makinesi,8,127,6.3%,05.03
https://www.mutfak10.com/urun/unox-mayalandirma-kabini-6-tepsili-40x60-cm-xl-413,8,124,6.45%,6.1
https://www.mutfak10.com/urun/nuova-simonelli-mdj-on-demand-kahve-degirmeni-75-mm,8,120,6.67%,4.93
https://www.mutfak10.com/urun/biradli-grv-10414-2-li-misir-gevregi-dispenseri-2x3-5-l-siyah,8,120,6.67%,5.78
https://www.mutfak10.com/urun/empero-emp-300-f-01-2-8-mm-ayarlanabilir-dilimleme-bicagi,8,113,7.08%,6.55
https://www.mutfak10.com/urun/mateka-spz-400t-spiral-hamur-yogurma-makinesi-2-hiz-30-kg-380v,8,106,7.55%,7.69
https://www.mutfak10.com/urun/cop-kovasi-metal,8,95,8.42%,07.08
https://www.mutfak10.com/urun/gmg-phcu-9262-pizza-firinlariniz-icin-davlumbaz,8,94,8.51%,4.65
https://www.mutfak10.com/urun/pirge-elite-bloklu-bicak-seti-35065,8,91,8.79%,8.15
https://www.mutfak10.com/urun/bogazici-32-paslanmaz-kiyma-makinesi-komple-paslanmaz-bpkm-32,8,90,8.89%,5.99
https://www.mutfak10.com/urun/xts-easy-b500-1000-set-ustu-kanatli-2-yonlu-hamur-acma-makinesi-0-1-34-mm,8,81,9.88%,6.23
https://www.mutfak10.com/urun/salva-moduler-emd-20-tas-tabanli-firin-2-tepsili-pastane-modul-buhar,8,80,10%,4.12
https://www.mutfak10.com/urun/ndustrio-1-tam-kapili-ustten-motorlu-dik-tip-gastronorm-buzdolabi-cpg-101-uc,8,77,10.39%,05.08
https://www.mutfak10.com/urun/ugur-udr-18-sce-anka-dondurma-teshir-reyonu/,8,76,10.53%,4.96
https://www.mutfak10.com/urun/by-kitchen-vortex-silencer-pro-bar-blender-gurultu-onleyici-kapakli-dijital-bar-blender-2-l,8,70,11.43%,07.07
https://www.mutfak10.com/urun/oztiryakiler-gn-1200-nmv-4-yarim-kapili-buzdolabi-1200-l,8,64,12.5%,5.31
https://www.mutfak10.com/urun/pirge-duo-tam-yassi-masat-no-12-kanalli-30-cm-34089,8,57,14.04%,6.95
https://www.mutfak10.com/urun/coldera-cl-600-dsl-yatay-tip-derin-dondurucu-blok-kapakli-607-l,8,47,17.02%,4.83
https://www.mutfak10.com/urun/yazicilar-l65iv-sebze-parcalama-makinesi-ayakli-devirli-65-lt-400v,8,34,23.53%,4.59
https://www.mutfak10.com/urun/pimak-70mx-6s-6-gozlu-set-ustu-ocak-ce-belgeli-120x70-cm,7,845,0.83%,6.56
https://www.mutfak10.com/vbm,7,785,0.89%,7.41
https://www.mutfak10.com/kategori/kahve-degirmeni-ogutuculer/3,7,779,0.9%,38.36
https://www.mutfak10.com/etiket/ofis-tipi-kahve-makinesi,7,735,0.95%,12.84
https://www.mutfak10.com/urun/nuova-simonelli-appia-ii-espresso-kahve-makinesi-2-gruplu-siyah/,7,689,1.02%,9.33
https://www.mutfak10.com/kategori/ekmek-firini-ekipmanlari/9,7,578,1.21%,8.92
https://www.mutfak10.com/kategori/misir-ve-popcorn-makineleri,7,565,1.24%,21.69
https://www.mutfak10.com/kategori/pamuk-seker-makineleri,7,549,1.28%,15.13
https://www.mutfak10.com/urun/empero-emp-tym-02-tepsi-yikama-makinesi-360tepsi-saat,7,541,1.29%,03.07
https://www.mutfak10.com/urun/tiryaki-4-gozlu-bakir-cay-kazani-4-demlikli-elektrik-gaz/,7,487,1.44%,7.46
https://www.mutfak10.com/urun/tem-buyukbas-canli-hayvan-baskulu-3000-kg-110x240cm/,7,449,1.56%,08.06
https://www.mutfak10.com/urun/fagor-co-500-b-tezgah-alti-bulasik-makinesi,7,448,1.56%,07.04
https://www.mutfak10.com/kategori/termobox,7,419,1.67%,9.56
https://www.mutfak10.com/urun/epinox-skk-03-soguk-kahve-demleme-cold-brew-seti-3000-ml-kahverengi,7,410,1.71%,15.66
https://www.mutfak10.com/urun/ugur-usp-85-su-sebili-442264,7,409,1.71%,8
https://www.mutfak10.com/urun/mateka-et-kemik-kesme-testeresi-paslanmaz-govdeli-220v,7,408,1.72%,6.72
https://www.mutfak10.com/urun/sofuoglu-acili-italyan-tip-tava-32-5x53-cm,7,406,1.72%,7.56
https://www.mutfak10.com/urun/wmf-1300s-basic-milk-1-grinder-1-cikolata-su-tankli-kahve-makinesi,7,404,1.73%,6.15
https://www.mutfak10.com/etiket/sanayi-tipi-rende-makinesi/,7,395,1.77%,7.72
https://www.mutfak10.com/urun/ztiryakiler-900-seri-fritz-dolapli-gazli-80x90x85-537853,7,392,1.79%,6.92
https://www.mutfak10.com/urun/empero-4-katli-delikli-tel-raf-304-kalite-46x152x180-cm,7,377,1.86%,5.53
https://www.mutfak10.com/urun/konchero-serena-5023a-pid-espresso-kahve-makinesi-1-gruplu,7,369,1.9%,8.18
https://www.mutfak10.com/etiket/robot-coupe-ci-50-ultra-bicaklari,7,365,1.92%,6.37
https://www.mutfak10.com/urun/by-kitchen-dmo-30-mikrodalga-firin-30-l,7,359,1.95%,13.13
https://www.mutfak10.com/urun/gorkem-iskender-ocagi-gazli-90x34-cm,7,358,1.96%,6.41
https://www.mutfak10.com/urun/dampak-set-ustu-sogutmali-teshir-unitesi-140-l-80x60-cm,7,346,2.02%,07.09
https://www.mutfak10.com/urun/ugur-7-gozlu-dondurma-teshir-dolabi-udr-7-sce-ts/,7,334,2.1%,7.49
https://www.mutfak10.com/urun/sofuoglu-hamburger-ekmek-tavasi-35-gozlu-12-5-cap-80x100-cm-100-gram,7,333,2.1%,5.98
https://www.mutfak10.com/urun/venarro-def-dk20-konveksiyonlu-firin-manuel-elektrikli-20-gn-1-1-tepsi-kapasiteli-dik-tip,7,332,2.11%,7.76
https://www.mutfak10.com/urun/oztiryakiler-self-servis-soguk-teshir-dolabi-120x75-cm-390-l,7,323,2.17%,5.99
https://www.mutfak10.com/urun/franke-a400-super-otomatik-kahve-makinesi-1/,7,312,2.24%,10.45
https://www.mutfak10.com/urun/osimo-yufka-yedek-hamur-acma-makinesi-60cm-hiz-kontrollu,7,309,2.27%,7.59
https://www.mutfak10.com/urun/hobart-giyotin-tip-bulasik-yikama-makinesi-amx-10-6644,7,306,2.29%,7.78
https://www.mutfak10.com/urun/empero-kazan-tencere-tasima-arabasi-paslanmaz-celik,7,300,2.33%,5.28
https://www.mutfak10.com/urun/casadio-undici-s2-2-gruplu-yari-otomatik-espresso-kahve-makinesi,7,300,2.33%,8
https://www.mutfak10.com/urun/gtech-st-530ed-pid-ev-tipi-espresso-kahve-makinesi-1-gruplu,7,300,2.33%,9.46
https://www.mutfak10.com/urun/fiamma-astrolab-3-gruplu-tall-cup-espresso-kahve-makinesi-siyah,7,293,2.39%,6.99
https://www.mutfak10.com/urun/bogazici-hamur-kestart-makinesi-ayakli,7,288,2.43%,6.4
https://www.mutfak10.com/urun/oztiryakiler-indiksuyonlu-isitici-pisirici-gomme-500-3500-w-36x38x12-cm,7,286,2.45%,6.93
https://www.mutfak10.com/urun/wega-io-evd1-otomatik-espresso-kahve-makinesi-tek-grup,7,285,2.46%,13.52
https://www.mutfak10.com/urun/epinox-spd-42-sut-potu-duslama-unitesi-42-cm,7,284,2.46%,6.31
https://www.mutfak10.com/urun/tiryaki-2-gozlu-bakir-cay-kazani-3-demlikli-elektrik-gaz/,7,283,2.47%,8
https://www.mutfak10.com/urun/ugur-uss-374-dtke-dikey-sise-sogutucu-5-rafli-358-l,7,276,2.54%,5.98
https://www.mutfak10.com/kategori/humus-makineleri,7,272,2.57%,8.64
https://www.mutfak10.com/urun/oztiryakiler-bar-buzdolabi-3-surgulu-kapili-320-litre,7,271,2.58%,5.85
https://www.mutfak10.com/urun/senox-set-ustu-sicak-teshir-dolabi-panaromik-cam-90-cm,7,269,2.6%,6.21
https://www.mutfak10.com/urun/ugur-udm-350-l-ss-ugurmatik-dondurma-makinesi,7,268,2.61%,3.96
https://www.mutfak10.com/urun/himaksan-3-yanisli-tandir-ocagi-dogalgazli-hmk-tyog-13,7,265,2.64%,7.73
https://www.mutfak10.com/urun/oztiryakiler-pzc-54-yuksek-plexiglass-kapakli-pizza-hazirlik-unitesi,7,263,2.66%,5.35
https://www.mutfak10.com/urun/uss-330-dtkl-lean-dikey-sise-sogutucu-523241,7,257,2.72%,4.66
https://www.mutfak10.com/urun/csa-krcs-tme-20-tost-makinesi-20-dilim-elektrikli-50x38-cm,7,255,2.75%,7.23
https://www.mutfak10.com/urun/drn-set-ustu-ocak-4lu-80x80-gazli,7,253,2.77%,7.11
https://www.mutfak10.com/urun/oztiryakiler-paslanmaz-celik-kapakli-surahi-11x18-cm,7,252,2.78%,5.97
https://www.mutfak10.com/urun/sengun-sm-60-3yh-yatay-hamur-acma-makinasi,7,252,2.78%,7.47
https://www.mutfak10.com/etiket/simit-firini/,7,252,2.78%,8.73
https://www.mutfak10.com/urun/hamur-yogurma-makinasi-10-kg-un-kapasite-220-v,7,242,2.89%,8.42
https://www.mutfak10.com/urun/himaksan-6-gozlu-2-corba-kapasiteli-benmari-elektrikli-hmk-bse-6x2,7,238,2.94%,4.28
https://www.mutfak10.com/urun/franke-a600-super-otomatik-kahve-makinesi/,7,234,2.99%,6.7
https://www.mutfak10.com/urun/pimak-m016-pasta-borek-firini-5-tepsili-gazli-lpgli-ce-belgeli,7,231,3.03%,7.88
https://www.mutfak10.com/urun/emart-topkapi-misir-patlatma-ve-pamuk-seker-arabasi-165x70x190-cm,7,230,3.04%,13.01
https://www.mutfak10.com/urun/bogazici-bpkm-12m-komple-paslanmaz-kiyma-makinesi-no-12-100-kg-saat,7,215,3.26%,8.9
https://www.mutfak10.com/urun/gastroplast-gib-02-polipropilen-erzak-arabasi-82-l,7,208,3.37%,07.02
https://www.mutfak10.com/urun/oztiryakiler-obm-1080-t-giyotin-tip-bulasik-yikama-makinesi-tahliye-pompali-dijital,7,198,3.54%,07.06
https://www.mutfak10.com/urun/ugur-udd-100-scebn-r64-dondurma-muhafaza-dolabi-123-l,7,197,3.55%,7.31
https://www.mutfak10.com/urun/osimo-salca-makinesi-elektrikli-220-v,7,191,3.66%,6.48
https://www.mutfak10.com/urun/fantom-promidi-600m3-eco-islak-ve-kuru-celik-govdeli-profesyonel-elektrikli-supurge,7,188,3.72%,5.78
https://www.mutfak10.com/urun/mahlkonig-ek43-t-espresso-kahve-degirmeni-beyaz,7,186,3.76%,7.28
https://www.mutfak10.com/urun/drn-16-dilim-elektrikli-tost-makinesi,7,185,3.78%,8.57
https://www.mutfak10.com/urun/pratiaca-copa-express-hizli-pisirici-single-mag,7,179,3.91%,7.46
https://www.mutfak10.com/urun/atalay-setalti-tezgah-800x650-ast-87,7,176,3.98%,5.64
https://www.mutfak10.com/kategori/calisma-tezgahlari-ve-evyeler,7,176,3.98%,10.74
https://www.mutfak10.com/urun/eureka-zenith-65-neo-kahve-degirmeni-beyaz,7,169,4.14%,6.34
https://www.mutfak10.com/urun/viber-vhe-eknc-12m-no-12-kiyma-makinesi-90-kg-saat-cikma-bogaz-monofaze-220-v,7,166,4.22%,7.57
https://www.mutfak10.com/urun/ugur-uss-748-d2kl-dikey-sise-sogutucu-10-rafli-cift-kapili-716-l,7,164,4.27%,05.06
https://www.mutfak10.com/urun/mateka-spz-360dt-spiral-hamur-yogurma-makinesi-2-hiz-16-kg-380v,7,160,4.38%,6.79
https://www.mutfak10.com/urun/empero-emp-mfi-20-mayalandirma-kabini-tek-cidarli-16-40x60-tepsi-kapasiteli,7,159,4.4%,7.8
https://www.mutfak10.com/urun/oztiryakiler-bardak-yikama-makinesi-40x40-cm-sepetli-parlatici-deterjan-tahliye-pompali,7,155,4.52%,5.95
https://www.mutfak10.com/urun/omis-imo-60-planet-mikser-standli-60-litre-simo-model,7,154,4.55%,5.23
https://www.mutfak10.com/urun/oztiryakiler-gurmeaid-cb699-d-dijital-bar-blender-gurultu-onleyici-kapakli-1680-w/,7,149,4.7%,5.98
https://www.mutfak10.com/urun/flugel-solingen-oval-masat-30-cm-siyah,7,148,4.73%,7.23
https://www.mutfak10.com/urun/omis-omr-120-planet-mikser-standli-hiz-kontrollu-120-litre-namso-model,7,142,4.93%,5.59
https://www.mutfak10.com/urun/epinox-dl-11-patates-dilimleme-makinesi-bicagi-100-dilim-7x7-mm,7,142,4.93%,7.33
https://www.mutfak10.com/kategori/sicak-cikolata-ve-sahlep-makineleri,7,141,4.96%,11.42
https://www.mutfak10.com/urun/omis-shm-35-spiral-hamur-yogurma-makinesi-35-kg,7,139,5.04%,6.73
https://www.mutfak10.com/urun/tem-eko-500-kg-60x70-tartim-baskulu,7,132,5.3%,6.2
https://www.mutfak10.com/urun/drn-beyran-ocagi-4lu-gazli,7,131,5.34%,6.18
https://www.mutfak10.com/urun/remta-r71-standart-tost-makinesi-12-dilim-elektrikli,7,131,5.34%,9.82
https://www.mutfak10.com/urun/empero-emp-dp-45-hamur-pres-makinesi-45-cm-plaka-capi/,7,129,5.43%,5.14
https://www.mutfak10.com/urun/by-kitchen-dpm-s-set-ustu-popcorn-makinesi-kirmizi-6-kg-h,7,128,5.47%,8.34
https://www.mutfak10.com/urun/oztiryakiler-700-seri-odg-8070-e-v2-dokum-izgara-80x70x30-cm-gazli,7,127,5.51%,6.46
https://www.mutfak10.com/sgs/2,7,124,5.65%,07.03
https://www.mutfak10.com/urun/senox-syd-410-dondurma-teshir-reyonu-7-gozlu-283-l,7,123,5.69%,5.25
https://www.mutfak10.com/urun/tem-eko-lcd-40x50-tartim-baskul-150-kg,7,121,5.79%,6.95
https://www.mutfak10.com/kategori/kirilmaz-sarap-kadehleri,7,115,6.09%,17.1
https://www.mutfak10.com/urun/bosfor-ubl-250-c-profesyonel-kombi-el-blender,7,112,6.25%,06.06
https://www.mutfak10.com/urun/mateka-spz-500t-spiral-hamur-yogurma-makinesi-2-hiz-40-kg-380v,7,101,6.93%,7.56
https://www.mutfak10.com/urun/remta-st12-ciftli-serbet-sogutucu-20-20-lt,7,97,7.22%,7.68
https://www.mutfak10.com/urun/empero-emp-2000-sdf-giyotin-tip-bulasik-makinesi-dijital-kontrol-380v-deterjan-ve-parlatici-pompali-2000-tabak-saat,7,92,7.61%,6.37
https://www.mutfak10.com/urun/hawos-oktagon-tas-un-degirmeni,7,92,7.61%,6.62
https://www.mutfak10.com/urun/sgs-tg-2745-e-alt-ust-girintili-tost-makinesi-elektrikli/,7,88,7.95%,5.92
https://www.mutfak10.com/etiket/sanayi-tipi-meyve-sikma-makinesi/,7,83,8.43%,9.46
https://www.mutfak10.com/urun/oztiryakiler-sert-sular-icin-endustriyel-bulasik-makine-parlaticisi-20-lt,7,82,8.54%,11.55
https://www.mutfak10.com/urun/fagor-f-e7115-70-lik-kore-seri-elektrikli-fritoz,7,81,8.64%,3.53
https://www.mutfak10.com/urun/mateka-epa-22m-no-22-et-kiyma-makinesi-paslanmaz-400kg-saat-220v,7,81,8.64%,07.04
https://www.mutfak10.com/urun/oztiryakiler-gurmeaid-mikser-4-8-litre-1000-watt-beyaz,7,80,8.75%,5.94
https://www.mutfak10.com/urun/drn-pleyt-izgara-70cm-gazli,7,78,8.97%,8.68
https://www.mutfak10.com/urun/tem-eko-300-kg-60x70-onayli-tartim-baskulu,7,76,9.21%,6.34
https://www.mutfak10.com/urun/mateka-zrh-360s-gida-parcalama-cutteri-19-l-380v,7,74,9.46%,5.36
https://www.mutfak10.com/urun/liva-gaz-003-ara-musluklu-tezgaha-monte-dus-sprey-unitesi-cift-su-girisli,7,70,10%,4.54
https://www.mutfak10.com/urun/conti-monaco-cg-200-od-on-demand-kahve-degirmeni-beyaz,7,70,10%,6.94
https://www.mutfak10.com/urun/oztiryakiler-flight-tip-bulasik-yikama-makinasi-sag-girisi-kurutmali-obf-6000-t-s,7,65,10.77%,5.63
https://www.mutfak10.com/urun/rational-ultravent-plus-yogusturma-davlumbazi-tip-xs-6-2-3,7,61,11.48%,4.3
https://www.mutfak10.com/urun/empero-pizza-firini-tek-katli-gazli-o-30-cm-x-9-pizza-kapasiteli,7,60,11.67%,7.45
https://www.mutfak10.com/urun/drn-taban-rafli-ocak-2li-100x60-gazli,7,56,12.5%,4.88
https://www.mutfak10.com/urun/omake-wfl12-e12-bubble-makinesi-manuel-zaman-ayarli,7,56,12.5%,6.2
https://www.mutfak10.com/urun/labomat-dry-900e-elektrikli-hali-kurutma-makinesi,7,53,13.21%,6.89
https://www.mutfak10.com/urun/osimo-8-l-paslanmaz-celik-sogan-dograma-makinesi,7,49,14.29%,7
https://www.mutfak10.com/urun/sgs-mk-pm-7-tepsili-mayalandirma-kabini-40x60,7,47,14.89%,5.13
https://www.mutfak10.com/urun/zanussi-elektrikli-cift-katli-mekanik-pizza-firini-6x2-pizza-kapasiteli-291091,7,45,15.56%,03.09
https://www.mutfak10.com/urun/sgs-po-4040-e-pizza-firini-elektrikli-1-pizza-o-40-cm,7,43,16.28%,5.4
https://www.mutfak10.com/urun/oztiryakiler-ctag-470-nts-buzdolabi-4-kapili-cihaz-alti-6644,7,43,16.28%,5.79
https://www.mutfak10.com/urun/midea-1434n1e-eu-ticari-mikrodalga-firin-elektrikli,7,38,18.42%,9.42
https://www.mutfak10.com/urun/electrolux-400343-neoblue-touch-tezgahalti-bulasik-makinesi-50x50-sepet-tahliye-pompali-parlatici-dispenserli/,7,35,20%,6.43
https://www.mutfak10.com/urun/pirge-superior-cezerye-bicagi-30-cm-91083,7,32,21.88%,3.41
https://www.mutfak10.com/urun/empero-emp-gkf-40-t-plus-konveksiyonlu-firin-gazli-40x1-1-gn-20x2-1-gn-kuvet-kapasiteli,7,30,23.33%,5.8
https://www.mutfak10.com/urun/oztiryakiler-soguk-su-sebili-paslanmaz-govde-ic-hazne-500-lt,7,29,24.14%,6.55
https://www.mutfak10.com/urun/portabianco-pza-3n80-e-3-kapili-pizza-buzdolabi-430-kalite-40x60-tepsi-uyumlu,7,19,36.84%,2.53
https://www.mutfak10.com/kahveyi-kim-buldu,6,3290,0.18%,7.82
https://www.mutfak10.com/tamper-nedir,6,2072,0.29%,8.52
https://www.mutfak10.com/ocakta-unutulan-caydanlik-nasil-temizlenir/,6,1273,0.47%,8.67
https://www.mutfak10.com/marka/nuova-simonelli/,6,1212,0.5%,10.83
https://www.mutfak10.com/salamander-nedir-ne-ise-yarar,6,1069,0.56%,8.55
https://www.mutfak10.com/kategori/sandik-tipi-dondurucular,6,1049,0.57%,24.78
https://www.mutfak10.com/urun/tempesta-saep-tam-otomatik-espresso-kahve-makinesi-2-gruplu-beyaz,6,1000,0.6%,6.61
https://www.mutfak10.com/hobart,6,724,0.83%,6.35
https://www.mutfak10.com/kategori/tepsi-tasima-arabalari,6,716,0.84%,8.59
https://www.mutfak10.com/kategori/slow-juicer-soguk-sikim-makineleri,6,576,1.04%,15.46
https://www.mutfak10.com/urun/oztiryakiler-oby-35m-bardak-yikama-makinesi-komple-set,6,553,1.08%,06.08
https://www.mutfak10.com/urun/fiamma-compass-3-db-tc-espresso-kahve-makinesi-tam-otomatik-3-gruplu,6,541,1.11%,6.31
https://www.mutfak10.com/urun/himaksan-set-ustu-tantuni-ocagi-dogalgazli-hmk-tnog-1,6,520,1.15%,10.55
https://www.mutfak10.com/kategori/hizli-pisiriciler,6,515,1.17%,10.3
https://www.mutfak10.com/etiket/kucuk-tatli-dolabi,6,498,1.2%,09.04
https://www.mutfak10.com/urun/oztiryakiler-oby-35m-bardak-yikama-makinesi-35x35-cm-sepetli-6644,6,494,1.21%,7.47
https://www.mutfak10.com/urun/oztiryakiler-et-teshir-dolabi-800-l-1350-mm-bombe-camli,6,492,1.22%,4.32
https://www.mutfak10.com/dalla-corte,6,482,1.24%,10.26
https://www.mutfak10.com/urun/makfry-25-litre-basincli-fritoz-1025-pd,6,460,1.3%,6.22
https://www.mutfak10.com/urun/pimak-m004-dg-tek-vitrinli-pilic-cevirme-makinesi-15-kapasiteli-gazli,6,429,1.4%,7.95
https://www.mutfak10.com/urun/ztiryakiler-patates-soyma-makinesi-10-kg-trifaze-6644-442160,6,416,1.44%,7.44
https://www.mutfak10.com/urun/ugur-umd-1850-d-izmir-market-tipi-dondurucu-787-l,6,414,1.45%,6.18
https://www.mutfak10.com/urun/drn-gazli-makarna-haslama-40x60,6,409,1.47%,7.25
https://www.mutfak10.com/urun/karacasan-6li-set-ustu-ce-belgeli-ocak-gazmer-ve-igdas-onayli-1,6,404,1.49%,8.27
https://www.mutfak10.com/urun/casadio-enea-on-demand-espresso-kahve-degirmeni-64-mm-siyah,6,366,1.64%,4.58
https://www.mutfak10.com/urun/inoksan-fkg-042e-konveksiyonlu-firin-40-tepsi-kapasiteli-gazli,6,356,1.69%,6.76
https://www.mutfak10.com/urun/drn-kuzine-firinli-ocak-8li-200x100-gazli,6,336,1.79%,8.37
https://www.mutfak10.com/urun/ugur-uss-1500-d3k-dikey-sise-sogutucu,6,332,1.81%,4.68
https://www.mutfak10.com/kategori/giyotin-tip-bulasik-yikama-makineleri,6,330,1.82%,11.2
https://www.mutfak10.com/ic/hakkimizda,6,322,1.86%,5.73
https://www.mutfak10.com/urun/epinox-patates-dilimleme-aparati-dl-88,6,322,1.86%,10.1
https://www.mutfak10.com/kategori/sogan-dograma-makineleri,6,312,1.92%,17.51
https://www.mutfak10.com/etiket/sanayi-tipi-rende-makinesi,6,303,1.98%,7.36
https://www.mutfak10.com/urun/mutfak10-bm-01-bar-lastigi-30x45-cm,6,292,2.05%,6.63
https://www.mutfak10.com/urun/sgs-kf-4-4-tepsili-konveksiyonel-patisserie-firin-dijital-elektrikli-40x60,6,291,2.06%,7.55
https://www.mutfak10.com/urun/empero-hy-04-k-hamur-yogurma-makinesi-20-kg-un-40-kg-hamur-380-v,6,287,2.09%,8.25
https://www.mutfak10.com/urun/osimo-ogutucu-robotu-kuru-gida-baharat-ogutucu,6,283,2.12%,8.19
https://www.mutfak10.com/kategori/tantuni-sac-kavurma-ocaklari/,6,275,2.18%,6.83
https://www.mutfak10.com/urun/oztiryakiler-okfg-601-firin-konveksiyonlu-gazli-kizakli-6-adet-gn-1-1-tepsi-kapasiteli-6644,6,275,2.18%,07.08
https://www.mutfak10.com/urun/la-cimbali-m23-up-dt-2-tc-tam-otomatik-espresso-kahve-makinesi-tall-cup-beyaz,6,263,2.28%,4.78
https://www.mutfak10.com/urun/empero-jp-ha520b-set-ustu-kanatli-hamur-acma-makinesi,6,260,2.31%,5.65
https://www.mutfak10.com/urun/ankun-3-demlikli-statik-cay-kazani-cay-robotu/,6,255,2.35%,5.93
https://www.mutfak10.com/urun/ugur-uss-330-dtk-lean-dikey-sise-sogutucu-4-rafli-358-l/,6,252,2.38%,7.91
https://www.mutfak10.com/urun/pirge-duo-kasap-bicagi-no-3-19-cm-34103,6,247,2.43%,6.4
https://www.mutfak10.com/urun/omis-rms-40-planet-mikser-standli-40-litre-yunus-model,6,246,2.44%,7.34
https://www.mutfak10.com/urun/atollspeed-easy-turbo-firin-44-5x68-7x57-cm/,6,245,2.45%,6.44
https://www.mutfak10.com/kategori/sut-sogutucular,6,245,2.45%,7.66
https://www.mutfak10.com/urun/fagor-afp-251-bar-tip-tezgah-alti-buzdolabi-sise-sogutucu,6,244,2.46%,4.38
https://www.mutfak10.com/kategori/dondurma-makineleri-1/2,6,242,2.48%,8.15
https://www.mutfak10.com/urun/epinox-slp-46-silikon-silpat-40x60-cm,6,241,2.49%,6.73
https://www.mutfak10.com/abant,6,230,2.61%,7.18
https://www.mutfak10.com/kategori/bardak-standlari/,6,226,2.65%,7.52
https://www.mutfak10.com/urun/oztiryakiler-soguk-su-sebili-komple-paslanmaz-monoblok-kazanli-50-lt,6,212,2.83%,6.47
https://www.mutfak10.com/urun/himaksan-set-ustu-benmari-elektrikli-hmk-bsue-3,6,210,2.86%,6
https://www.mutfak10.com/urun/oztiryakiler-wkm-25-kare-model-waffle-makinesi-tekli,6,206,2.91%,3.52
https://www.mutfak10.com/urun/senox-bar-tipi-sise-sogutucu-dolap-tek-kapili-138-litre-bbc-150,6,206,2.91%,5.18
https://www.mutfak10.com/kategori/basincli-fritozler/,6,205,2.93%,9.33
https://www.mutfak10.com/urun/oztiryakiler-self-servis-soguk-teshir-dolabi-150x75-cm-480-l,6,203,2.96%,4.67
https://www.mutfak10.com/urun/viber-vhe-ekk-22m-s-no-22-kiyma-makinesi-komple-paslanmaz-450-kg-saat-monofaze-220-v,6,203,2.96%,8.29
https://www.mutfak10.com/urun/ugur-udd-600-sc-r24-dondurma-muhafaza-dolabi-559-l,6,202,2.97%,6.78
https://www.mutfak10.com/urun/gorkem-uc-yanisli-yer-ocagi-gazli-70x80-cm,6,196,3.06%,6.22
https://www.mutfak10.com/sengun-makina,6,189,3.17%,10.01
https://www.mutfak10.com/urun/kef-bl40-c-profesyonel-el-blender,6,187,3.21%,6.62
https://www.mutfak10.com/urun/pirge-et-dovecegi-paslanmaz-no-4-81016,6,186,3.23%,4.12
https://www.mutfak10.com/urun/nuova-simonelli-mdx-on-demand-kahve-degirmeni-siyah,6,185,3.24%,5.91
https://www.mutfak10.com/urun/oztiryakiler-komple-paslanmaz-et-kiyma-mk-32-sogutmali-trifaze,6,185,3.24%,7.79
https://www.mutfak10.com/urun/sgs-mt-1200-2-mayalandirma-kabinli-cok-amacli-firin-uc-katli,6,184,3.26%,6.97
https://www.mutfak10.com/sahveli,6,184,3.26%,9.74
https://www.mutfak10.com/urun/atalay-alttan-motorlu-doner-robotu-gazli-10-gozlu-adr-10g,6,183,3.28%,6.25
https://www.mutfak10.com/urun/yazicilar-l12div-sebze-parcalama-humus-makinesi-12-lt-degisken-hizli,6,178,3.37%,5.72
https://www.mutfak10.com/urun/mahlkonig-ek43-t-espresso-kahve-degirmeni-siyah,6,176,3.41%,20.23
https://www.mutfak10.com/urun/ugur-udd-440-dtkl-dik-tip-muhafaza-buzdolabi-469-l,6,171,3.51%,5.43
https://www.mutfak10.com/urun/oztiryakiler-aluminyum-yapismaz-delikli-tava-40x60-cm,6,171,3.51%,7.79
https://www.mutfak10.com/urun/pimak-km012-4-yatay-tip-komurlu-pilic-cevirme-makinesi-40-pilic-kapasiteli,6,171,3.51%,8.65
https://www.mutfak10.com/urun/atalay-t4-doner-kesme-makinesi-full-set-elektrikli-sarjli-140-mm-bicak,6,170,3.53%,06.05
https://www.mutfak10.com/urun/nuova-simonelli-oscar-ii-otomatik-espresso-makinesi,6,164,3.66%,6.76
https://www.mutfak10.com/urun/oztiryakiler-pizza-firini-6li-elektrikli-6644,6,158,3.8%,6.61
https://www.mutfak10.com/urun/ugur-6-gozlu-dondurma-teshir-dolabi-udr-6-sce,6,153,3.92%,4.56
https://www.mutfak10.com/urun/sgs-po-9262-de-cift-katli-pizza-firini-elektrikli-6-6-pizza-o-30-cm,6,152,3.95%,5.45
https://www.mutfak10.com/kategori/dry-aged-et-yaslandirma-dolaplari,6,150,4%,14.14
https://www.mutfak10.com/urun/oztiryakiler-ef8d-fritoz-ciftli-gn-1-2-2x8-l-elektrikli-6644,6,148,4.05%,6.31
https://www.mutfak10.com/urun/empero-emp-pls-cpc-2g-yari-otomatik-espresso-kahve-makinesi-2-gruplu,6,148,4.05%,8.62
https://www.mutfak10.com/urun/remta-cs1-sicak-cikolata-sahlep-makinesi-9-l-siyah,6,145,4.14%,08.06
https://www.mutfak10.com/urun/oztiryakiler-yufka-yedek-acma-60-cm,6,144,4.17%,7.27
https://www.mutfak10.com/urun/ztiryakiler-helvane-tencere-kapakli-60x20-cm-45-l-442090,6,142,4.23%,8.13
https://www.mutfak10.com/urun/ndustrio-ctrdu-m-set-ustu-soguk-pasta-teshir-unitesi-70x57x70-cm,6,136,4.41%,5.85
https://www.mutfak10.com/urun/empero-4-katli-istif-rafi-duz-tablali-304-kalite-36x91x180-cm,6,133,4.51%,5.47
https://www.mutfak10.com/urun/hisar-atlantis-8-parca-celik-tencere-seti-siyah,6,133,4.51%,9.32
https://www.mutfak10.com/urun/salva-moduler-ed-30-tas-tabanli-firin-6-tepsili-pastane-modul-buhar,6,131,4.58%,4.47
https://www.mutfak10.com/urun/gorkem-kuzine-firin-4-gozlu-cift-yanisli-gazli-200x100-cm,6,129,4.65%,06.08
https://www.mutfak10.com/urun/coffee-tech-filtro-gusto-filtre-kahve-makinesi,6,128,4.69%,5.69
https://www.mutfak10.com/kategori/spiral-hamur-yogurma-makineleri/,6,128,4.69%,8.98
https://www.mutfak10.com/urun/pirge-butcher-s-pastirma-bicagi-30-cm-duz-91182,6,125,4.8%,6.96
https://www.mutfak10.com/urun/eureka-easy-filtre-kahve-degirmeni,6,124,4.84%,14.72
https://www.mutfak10.com/urun/kulsan-105-pw-thermoset-ekonomik-tabldot-40x28-cm,6,122,4.92%,6.25
https://www.mutfak10.com/urun/oztiryakiler-filtre-kahve-makinesi-siyah,6,117,5.13%,5.49
https://www.mutfak10.com/kategori/corbaliklar,6,115,5.22%,7.75
https://www.mutfak10.com/urun/oztiryakiler-ctag-370-nts-buzdolabi-6-cekmeceli-cihaz-alti,6,114,5.26%,6.42
https://www.mutfak10.com/urun/oztiryakiler-vakum-makinasi-set-ustu-20m3-tek-yapistirma-ceneli,6,113,5.31%,6.57
https://www.mutfak10.com/urun/macap-mc6-c10-kahve-degirmeni-paket-doldurma-65-mm-gri,6,112,5.36%,4.61
https://www.mutfak10.com/urun/ued-5170-dtk-a-5-ekmeceli-derin-dondurucu-442281,6,111,5.41%,13.47
https://www.mutfak10.com/urun/atalay-tost-makinesi-27x45-cift-termostatli-atm-2745-2,6,110,5.45%,8.14
https://www.mutfak10.com/urun/hoshizaki-62-kg-kup-buz-makinasi-kendinden-hazneli-im-65ne-hc,6,108,5.56%,6.31
https://www.mutfak10.com/urun/gaggia-md15-otomatik-ev-tipi-kahve-ogutucu,6,107,5.61%,06.04
https://www.mutfak10.com/urun/empero-700-plus-seri-fritoz-dolapli-elektrikli-14-14-lt-80x73-cm,6,107,5.61%,7.51
https://www.mutfak10.com/urun/omake-40x40-cm-elektrikli-pizza-firini-fpz01-e11,6,107,5.61%,08.02
https://www.mutfak10.com/urun/labomat-vac-130e-sessiz-elektrikli-supurge-13-l,6,105,5.71%,8.26
https://www.mutfak10.com/urun/mychef-quick-1t-katalizorlu-hizli-pisirme-firini-kirmizi,6,104,5.77%,9.1
https://www.mutfak10.com/urun/gmg-wr-01-rotatable-waffle-makinesi-cevrilebilir,6,103,5.83%,5.4
https://www.mutfak10.com/urun/pirge-duo-tam-yassi-masat-no-12-30-cm-442885,6,101,5.94%,6.78
https://www.mutfak10.com/urun/empero-emp-box-600-k-i-termobox-600-menteseli-isitmali-83-lt,6,98,6.12%,5.33
https://www.mutfak10.com/urun/cagdas-spiral-hamur-yogurma-makinasi-cift-devirli-100-kg-un-120-kg-hamur-380v,6,97,6.19%,7.73
https://www.mutfak10.com/urun/empero-jp-bb-01-buz-kirici-bar-blender-2-lt-siyah,6,96,6.25%,8.73
https://www.mutfak10.com/urun/victoria-arduino-eagle-tempo-digit-espresso-kahve-makinesi-3-gruplu-beyaz/,6,95,6.32%,5.16
https://www.mutfak10.com/urun/ugur-yatay-derin-dondurucu-sogutucu-ued-660-ds-a-451113,6,95,6.32%,7.59
https://www.mutfak10.com/urun/empero-emp-cy-120-cay-makinesi-120-bardak-kapasiteli-13-lt,6,94,6.38%,7.61
https://www.mutfak10.com/urun/atese-titanium-keyfchi-akilli-dijital-elektrikli-statik-2-demlikli-cay-kazani-30-litre-1,6,92,6.52%,6.47
https://www.mutfak10.com/urun/eka-ekf-364-d-ud-konveksiyonlu-nemlendirmeli-dijital-firin-3-tepsi-kapasiteli-elektrikli,6,92,6.52%,6.49
https://www.mutfak10.com/urun/sgs-md-1200-2-mayalandirma-kabinli-cok-amacli-firin-cift-katli,6,91,6.59%,5.18
https://www.mutfak10.com/urun/otto-leonardo-75-kahve-degirmeni-on-demand,6,86,6.98%,6.55
https://www.mutfak10.com/urun/vital-gko7020-700-seri-gazli-ocak-4-brulorlu,6,84,7.14%,4.5
https://www.mutfak10.com/urun/inox-fast-food-doner-robotu-50-kg-4-radyanli-alttan-motorlu-elektrikli/,6,84,7.14%,8.7
https://www.mutfak10.com/urun/oztiryakiler-paslanmaz-celik-litre-5-lt,6,83,7.23%,5.67
https://www.mutfak10.com/urun/ulutas-uclu-sefer-tasi-vidali-27-lt-30-cm,6,82,7.32%,6.39
https://www.mutfak10.com/urun/gastroplast-gph-75-2-polipropilen-pizza-hamur-teknesi-30x40x7-5-cm-beyaz,6,82,7.32%,6.85
https://www.mutfak10.com/urun/sgs-pm-60-planet-mikser-60-litre/,6,80,7.5%,7.94
https://www.mutfak10.com/urun/csa-krcs-sfe-55-fritoz-set-ustu-elektrikli-5-5-lt-60x57-cm,6,74,8.11%,6.12
https://www.mutfak10.com/urun/wega-rover-yuksek-kasikli-tam-otomatik-2-gruplu-kahve-makinesi-beyaz,6,73,8.22%,6.47
https://www.mutfak10.com/urun/oztiryakiler-polietilen-bej-dograma-levhasi-50x30x2-cm,6,72,8.33%,5.53
https://www.mutfak10.com/urun/by-kitchen-bcm-prolux-tam-otomatik-espresso-kahve-makinesi,6,72,8.33%,6.58
https://www.mutfak10.com/urun/oztiryakiler-polietilen-yesil-dograma-levhasi-53x32-5x2-cm,6,69,8.7%,5.33
https://www.mutfak10.com/urun/fagor-ace-101-elektrikli-advance-concept-konveksiyonel-firin-10-gn-1-1-ve-20-gn-1-2-tepsi-kapasiteli,6,68,8.82%,05.09
https://www.mutfak10.com/urun/pimak-m011b-cift-vitrinli-lavtasli-pilic-makinasi-60-kapasiteli-gazli,6,65,9.23%,5.71
https://www.mutfak10.com/urun/himaksan-tek-katli-pizza-firini-gazli-o30-cm-4-pizza-kapasiteli-hmk-pfg4-874,6,61,9.84%,4.3
https://www.mutfak10.com/urun/oztiryakiler-gurmeaid-stand-mikser-6-7-litre-beyaz/,6,58,10.34%,7.36
https://www.mutfak10.com/urun/oztiryakiler-gia-dos-bardak-basketi-40x40-cm,6,55,10.91%,6.6
https://www.mutfak10.com/urun/hamilton-beach-hmd200-bar-mikseri-blender,6,54,11.11%,6.63
https://www.mutfak10.com/urun/ztiryakiler-gn-1200-nmv-buzdolabi-ift-kapili-dik-tip-ekonomik-541440/,6,52,11.54%,6.46
https://www.mutfak10.com/urun/portashelf-4-katli-tel-istif-rafi-53x137x183-cm-304,6,51,11.76%,5.16
https://www.mutfak10.com/urun/ztiryakiler-900-seri-set-st-bain-marie-gazli-40x90x30gn-kaplar-hari-6644-874362,6,51,11.76%,6.16
https://www.mutfak10.com/urun/mateka-hac-420cp-hamur-acma-makinesi-paslanmaz-40-cm-220v,6,51,11.76%,6.22
https://www.mutfak10.com/urun/mhw-3bomber-ct5602-lcd-ekranli-dijital-termometre-150-mm,6,49,12.24%,3.41
https://www.mutfak10.com/urun/gmg-we-27-s-bubble-waffle-makinesi-cift-kapakli-degistirilebilir-plaka,6,43,13.95%,05.02
https://www.mutfak10.com/urun/remta-f13-sosis-haslama-sos-kapli-elektrikli,6,41,14.63%,5.78
https://www.mutfak10.com/urun/omake-lokma-makinesi-manuel-lkm01011,6,41,14.63%,7.12
https://www.mutfak10.com/urun/remta-r102-fritoz-cift-hazneli-8-8-l-elektrikli,6,40,15%,8
https://www.mutfak10.com/urun/pirge-duo-kasap-bicagi-no-1-sivri-14-5-cm-34121,6,38,15.79%,5.95
https://www.mutfak10.com/urun/vital-gpi7020sr-700-seri-gazli-pleyt-izgara-yari-nervurlu,6,35,17.14%,05.03
https://www.mutfak10.com/urun/cubuk-izgara-yeni-900-120x90-dokum-izgara-icin-515x540x20,6,31,19.35%,7.13
https://www.mutfak10.com/urun/frenox-vn6-dik-tip-tek-kapili-buzdolabi-550-l-304-kalite,6,29,20.69%,5.62
https://www.mutfak10.com/urun/sgs-po-4040-de-cift-katli-pizza-firini-elektrikli-1-1-pizza-o-40-cm,6,25,24%,4.24
https://www.mutfak10.com/urun/zicco-otps-208-dunya-numarator-mavi-yesil,6,24,25%,4.71
https://www.mutfak10.com/urun/remta-r93-cift-hazneli-fritoz-5-5-l-elektrikli,6,18,33.33%,5.72
https://www.mutfak10.com/urun/pirge-elite-forged-kasap-bicagi-16-5-cm-31372,6,15,40%,10.47
https://www.mutfak10.com/urun/osimo-elektrikli-fritoz-600-seri-8-8-litre-dolapli,6,11,54.55%,2.45
https://www.mutfak10.com/duduklu-tencerede-misir-kac-dakikada-piser,5,3792,0.13%,8.85
https://www.mutfak10.com/sayfa/iptal-ve-iade-sartlari,5,1790,0.28%,06.03
https://www.mutfak10.com/kategori/tam-otomatik-kahve-makineleri,5,1034,0.48%,36.97
https://www.mutfak10.com/venarro,5,761,0.66%,7.9
https://www.mutfak10.com/etiket/tavuk-kizartma-makinesi,5,748,0.67%,10.45
https://www.mutfak10.com/mutfak10/2,5,630,0.79%,2.11
https://www.mutfak10.com/kategori/bardak-yikama-makineleri,5,612,0.82%,18.3
https://www.mutfak10.com/kategori/bulasik-toplama-arabalari,5,577,0.87%,5.62
https://www.mutfak10.com/kategori/et-aski-arabalari,5,544,0.92%,6.6
https://www.mutfak10.com/kategori/el-degirmenleri,5,520,0.96%,15.37
https://www.mutfak10.com/kategori/yari-otomatik-kahve-makineleri,5,520,0.96%,17.17
https://www.mutfak10.com/urun/flugel-solingen-yassi-masat-25-cm-siyah,5,505,0.99%,6.1
https://www.mutfak10.com/kategori/kahve-cekmeceleri,5,497,1.01%,8.43
https://www.mutfak10.com/urun/drn-set-ustu-ocak-3lu-120x45-gazli,5,495,1.01%,8.17
https://www.mutfak10.com/urun/viber-vhe-hyk-25c-klasik-hamur-yogurma-makinesi-cift-devirli-25-kg-380-v,5,477,1.05%,6.49
https://www.mutfak10.com/urun/cancan-sebze-ve-meyve-soyma-makinesi-45-5x24x33-cm,5,457,1.09%,6.41
https://www.mutfak10.com/urun/empero-set-ustu-hiz-kontrollu-mikser-7-litre-jp-mk-107,5,442,1.13%,8.97
https://www.mutfak10.com/urun/oztiryakiler-patates-soyma-makinesi-30kg,5,429,1.17%,7.3
https://www.mutfak10.com/urun/fagor-lr-18-tp-2e-18-kg-kapasiteli-camasir-makinesi,5,410,1.22%,5.78
https://www.mutfak10.com/vital,5,380,1.32%,07.01
https://www.mutfak10.com/urun/brawi-efeli-el-2-gr-espresso-kahve-makinesi-siyah,5,379,1.32%,9.84
https://www.mutfak10.com/urun/dikey-derin-dondurucu-5-ekmece-ued-5218-dtk-a-827471,5,374,1.34%,10.6