En çok yapılan sorgular,Tıklamalar,Gösterimler,TO,Pozisyon
öztiryakiler mini barista,591,2613,22.62%,7.3
mutfak10,578,2756,20.97%,01.02
erişte kesme makinesi,163,4429,3.68%,2.34
elektrikli erişte kesmesi makinası fiyatları,131,2605,5.03%,2.3
mutfakon,130,165,78.79%,01.03
mutfak 10,126,780,16.15%,1
erişte makinesi,90,7073,1.27%,2.77
dondurma makinesi,84,4188,2.01%,9.41
patates doğrama makinesi,63,4353,1.45%,06.07
şahveli zırh makinesi fiyatları,60,223,26.91%,01.06
tam otomatik yufka açma makinesi fiyatları,58,4245,1.37%,6.24
simonelli appia life 2,56,1778,3.15%,5.54
öztiryakiler kahve makinesi,52,2150,2.42%,1.56
basınçlı fritöz,51,1211,4.21%,5.79
25 kg çamaşır makinesi,51,239,21.34%,1.38
dondurma dolabı,50,2631,1.9%,6.32
şahveli zırh makinesi,45,327,13.76%,3.83
makarna kesme makinesi,44,3018,1.46%,2.71
hamur yoğurma makinesi 15 kg,42,1961,2.14%,8.43
yufka açma makinesi,40,5089,0.79%,7.97
meşrubat dolabı,36,3395,1.06%,5.81
mutfak10 sitesi güvenilir mi,36,179,20.11%,2.27
öztiryakiler bulaşık makinesi,35,5003,0.7%,6.74
taş tabanlı fırın,34,687,4.95%,4.5
karacasan,33,822,4.01%,06.09
hamur pres makinesi,33,560,5.89%,2.13
15 kg hamur yoğurma makinesi,32,1270,2.52%,7.18
wilfa probaker,30,179,16.76%,7.11
endüstriyel dondurma makinesi,28,288,9.72%,4.9
sinir ayıklamalı kıyma makinesi,28,213,13.15%,2.9
endüstriyel rende makinesi,26,267,9.74%,3.15
erişte kesme makinesi fiyatları,25,642,3.89%,1.21
mutfak on,25,37,67.57%,2.24
meze dolabı,24,2053,1.17%,4.57
sanayi tipi rende makinesi,24,279,8.6%,3.41
franke a600,24,265,9.06%,4.39
makarna haşlama makinesi,23,1020,2.25%,6.64
atollspeed,23,630,3.65%,8.98
öztiryakiler espresso makinesi,23,553,4.16%,05.04
erişte kesmesi makinası fiyatları,23,523,4.4%,1.5
baklava fırını,23,494,4.66%,4.36
ankun çay kazanları,23,483,4.76%,4.74
zırh makinesi ev tipi,23,287,8.01%,2.89
rms erişte makinası fiyatı,23,184,12.5%,2.76
hamur yoğurma makinesi 25 kg fiyatı,22,1359,1.62%,7.48
dondurma makinesi fiyatları,22,1291,1.7%,8.27
en iyi masat markaları,22,920,2.39%,4.85
kef tb16,22,99,22.22%,2.68
hamur yoğurma makinesi 150 kg,22,69,31.88%,2.49
elektrikli taş fırın,21,1641,1.28%,6.64
omis hamur yoğurma makinesi fiyatları,21,130,16.15%,1.88
yufka makinesi,20,2203,0.91%,9.14
otomatik makarna makinesi,20,1267,1.58%,8.59
la marzocco kahve makinesi,20,757,2.64%,5.59
erişte kesim makinesi,20,536,3.73%,2.69
kalando,20,434,4.61%,3.93
top waffle makinesi,20,421,4.75%,1.53
masat,19,5658,0.34%,8.57
sanayi tipi dondurma makinesi,19,747,2.54%,5.66
sanayi tipi sebze doğrama makinesi,19,519,3.66%,6.22
taylor dondurma makinesi,19,401,4.74%,4.34
taş fırın fiyatları,18,2215,0.81%,9.36
kuşbaşı doğrama makinesi,18,753,2.39%,6.47
ev tipi ekmek fırını,18,248,7.26%,4.65
uğur dondurma reyonu,18,205,8.78%,3.48
dönerli ekmek fırını,18,155,11.61%,2.46
masat nedir,17,5191,0.33%,4.51
ekmek fırını fiyatları,17,749,2.27%,6.25
endüstriyel temizlik arabası,17,676,2.51%,7.13
kuşbaşı makinesi,17,322,5.28%,6.11
avatherm çanta,17,309,5.5%,2.18
dondurma makinesi endüstriyel,17,165,10.3%,4.76
25 kilo çamaşır makinesi,17,85,20%,1.35
erişte makinası,16,978,1.64%,3.22
zummo portakal sıkma makinesi,16,795,2.01%,7.9
polikarbon bardak,16,762,2.1%,6.38
15 kiloluk hamur yoğurma makinesi fiyatları,16,667,2.4%,7.26
uğur dondurma makinesi,16,525,3.05%,4.66
sinir ayıklama aparatı fiyatları,16,174,9.2%,3.4
k95l öztiryakiler,16,171,9.36%,04.02
hamur yoğurma makinesi 25 kg,15,1996,0.75%,9.43
osimo hamur yoğurma makinesi 35 kg,15,641,2.34%,6.89
endüstriyel sebze doğrama makinesi,15,365,4.11%,6.4
dondurma makinesi sanayi tipi,15,219,6.85%,3.79
büfede ne satılır,15,206,7.28%,1.7
uğur dondurma teşhir,15,63,23.81%,3.17
vitamin bar açmak için gerekli malzemeler,15,36,41.67%,1.44
kemikli et düdüklüde kaç dakikada pişer,14,6328,0.22%,5.82
ocakta unutulan çaydanlık nasıl temizlenir,14,3149,0.44%,8.63
dondurma yapma makinesi,14,1162,1.2%,9.86
doğalgazlı taş fırın fiyatları,14,676,2.07%,6.47
fırın açmak için gerekli belgeler,14,617,2.27%,5.65
erişte kesme makinası,14,531,2.64%,2.98
canlı hayvan baskülü,14,458,3.06%,7.5
kuşbaşı makinası fiyatları,14,170,8.24%,03.01
dondurma teşhir dolabı,14,142,9.86%,2.94
pres yufka açma makinesi,14,108,12.96%,2.69
kubbeli pizza fırını,14,98,14.29%,3.38
rende makinesi,13,2680,0.49%,9.9
mısır patlatma tenceresi,13,1961,0.66%,1.44
ev tipi taş fırın fiyatları,13,1449,0.9%,8.11
erişte makinesi fiyatları,13,879,1.48%,2.5
öztiryakiler tost makinesi,13,796,1.63%,5.53
kuzu çevirme makinesi,13,782,1.66%,6.49
kruvasan açma makinesi,13,416,3.12%,1.25
zırh kıyma makinesi,13,386,3.37%,4.35
döner fırın fiyatları,13,301,4.32%,3.7
6 gözlü benmari fiyatları,13,285,4.56%,1.36
patates doğrama makinesi sanayi tipi,13,224,5.8%,1.96
150 kg hamur yoğurma makinesi,13,83,15.66%,3.43
vitamin bar,12,5251,0.23%,8.7
sebze doğrama makinesi,12,1782,0.67%,09.08
osimo hamur yoğurma makinesi,12,1708,0.7%,08.05
ev tipi yufka açma makinesi fiyatları,12,1250,0.96%,6.96
omis mikser,12,1192,1.01%,7.53
tam otomatik yufka makinesi,12,988,1.21%,7.63
tel kevgir,12,666,1.8%,4.41
portashelf,12,538,2.23%,4.96
smash burger aparatı,12,498,2.41%,7.98
piliç çevirme makinası,12,470,2.55%,8.24
uğur dondurma dolabı,12,438,2.74%,04.04
presli yufka açma makinesi,12,360,3.33%,5.66
döner arabalı fırın fiyatları,12,255,4.71%,2.83
sanayi tipi erişte makinası fiyatları,12,231,5.19%,2.17
omis hamur yoğurma makinesi,12,186,6.45%,3.82
patates dilimleme makinesi endüstriyel,12,143,8.39%,5.86
endüstriyel pilav makinesi,12,129,9.3%,5.7
viber hamur açma makinesi fiyatları,12,109,11.01%,2.81
vitamin bar açma maliyeti,12,101,11.88%,02.09
ekmek fırını,11,28234,0.04%,10.98
kuşbaşı et düdüklüde kaç dakikada pişer,11,2833,0.39%,6.59
tam otomatik kahve makinesi,11,1422,0.77%,15.04
yufka açma makinesi fiyatları,11,959,1.15%,6.69
zırh makinesi,11,885,1.24%,3.72
şahveli makina,11,867,1.27%,6.6
saladbar,11,841,1.31%,5.9
profesyonel mutfak terimleri,11,553,1.99%,07.01
endüstriyel mutfak malzemeleri listesi,11,539,2.04%,08.02
sanayi tipi yufka açma makinası fiyatları,11,454,2.42%,4.2
görkem mutfak,11,444,2.48%,4.71
sos pompası,11,375,2.93%,5.86
elektrikli erişte makinesi,11,319,3.45%,07.06
sebze parçalama makinesi,11,313,3.51%,4.98
dondurma dolabı fiyatları,11,287,3.83%,5.14
öztiryakiler hamur yoğurma makinesi ev tipi,11,234,4.7%,8.48
somun ekmek fırını fiyatları,11,214,5.14%,3.31
döner arabalı ekmek fırını,11,203,5.42%,3.4
bardak silme makinesi,11,195,5.64%,4.61
çağdaş hamur yoğurma makinesi 50 kg,11,189,5.82%,4.94
k95l,11,164,6.71%,5.29
içecek dolabı veren firmalar,11,140,7.86%,3.21
öztiryakiler pizza hazırlık dolabı,11,124,8.87%,2.61
yufka pres makinesi,11,105,10.48%,03.05
kuşbaşı doğrama makinesi fiyatları,11,81,13.58%,2.52
wilfa probaker hamur yoğurma makinesi,11,54,20.37%,5.94
şahveli zırh kıyma makinesi fiyatları,11,29,37.93%,1
franke kahve makinesi,10,1238,0.81%,6.38
yufka açma makinası,10,1059,0.94%,9.82
döner fırın,10,766,1.31%,7.58
buzlu kemikli et düdüklüde kaç dakikada pişer,10,747,1.34%,02.09
rinser,10,589,1.7%,7.59
pastırma bıçağı,10,555,1.8%,7.88
rational icombi pro,10,465,2.15%,5.11
osimo 15 kg hamur yoğurma makinesi,10,464,2.16%,5.45
meşrubat dolabı veren firmalar,10,297,3.37%,4.59
sanayi tipi patates dilimleme makinesi,10,297,3.37%,4.82
taş tabanlı fırın fiyatları,10,285,3.51%,3.68
sgs tost makinesi,10,275,3.64%,5.14
öztiryakiler bulaşık makinesi deterjanı,10,265,3.77%,6.59
endüstriyel patates dilimleme makinesi,10,212,4.72%,2.83
ekmek fırını açmak için gerekli şartlar,10,197,5.08%,4.69
baklava oklavası 120 cm,10,195,5.13%,3.43
büfede neler satılır,10,105,9.52%,1.68
79k4.12nmv.00,10,101,9.9%,6.42
lav taşlı döner ocağı fiyatları,10,71,14.08%,3.32
pilav makinesi endüstriyel,10,69,14.49%,4.35
basmalı sos pompası,10,66,15.15%,2.83
kırmızı et düdüklüde kaç dakikada pişer,9,1760,0.51%,4.76
patates kesme makinesi,9,1290,0.7%,7.79
ekmek pişirme fırını,9,1139,0.79%,7.18
sanayi tipi ocak,9,1105,0.81%,11.37
ayran makinesi,9,556,1.62%,4.89
la marzocco espresso makinesi,9,444,2.03%,7.2
sgs pizza fırını,9,377,2.39%,5.75
otel tipi kahve makinesi,9,347,2.59%,5.17
açık büfe sunum ekipmanları,9,326,2.76%,06.05
atollspeed fırın,9,314,2.87%,5.13
patates soyma ve dilimleme makinesi,9,281,3.2%,5.79
zırh makinesi fiyatları,9,250,3.6%,4.76
200 ml plastik şişe,9,215,4.19%,7.2
taş taban fırın,9,203,4.43%,4.23
barista ekipmanları,9,203,4.43%,35.42
zicco kokteyl seti,9,189,4.76%,4.31
l40 dondurma makinesi,9,172,5.23%,5.87
döner ekmek fırını,9,167,5.39%,3.1
sosis doldurma makinesi,9,165,5.45%,7.27
öztiryakiler k95l,9,139,6.47%,3.75
spiral hamur yoğurma makinesi 5 kg,9,115,7.83%,5.5
hamur bölme ve yuvarlama makinesi,9,111,8.11%,7.35
kuşbaşı et doğrama makinesi fiyatları,9,104,8.65%,3.84
la marzocco 3 gruplu,9,86,10.47%,1.63
uğur l40 dondurma makinesi fiyatları,9,82,10.98%,2.11
arlinoks,9,79,11.39%,4.32
79k4.06nmv.00,9,69,13.04%,5.42
karacasan katalog,9,61,14.75%,3.18
mahlkönig omnia,9,48,18.75%,6.44
vitamin bar açmak,9,30,30%,2.33
soğuk hava deposu,8,2785,0.29%,13.94
nuova simonelli,8,1197,0.67%,6.92
ev tipi taş fırın,8,690,1.16%,7.87
kebap saplama makinesi,8,583,1.37%,5.51
kemikli et düdüklüde kaç dakikada haşlanır,8,573,1.4%,2.62
endüstriyel fırın,8,547,1.46%,13.52
viber hamur yoğurma makinesi,8,535,1.5%,6.27
fritöz sepeti,8,535,1.5%,7.83
market buzdolabı,8,529,1.51%,3.12
uğur meşrubat dolabı,8,440,1.82%,1.68
tam otomatik yufka makinesi fiyatları,8,424,1.89%,06.02
la marzocco,8,402,1.99%,10.73
baklava oklavası,8,376,2.13%,1.67
vitamin bar tezgahı,8,353,2.27%,5.13
hisar floransa,8,334,2.4%,8.16
somun ekmek fırını,8,316,2.53%,06.03
öztiryakiler 500 tabak bulaşık makinesi,8,297,2.69%,5.29
soft dondurma makinesi,8,283,2.83%,10.92
oma hamur yoğurma makinesi,8,269,2.97%,4.77
öztiryakiler fırın fiyatları,8,244,3.28%,04.02
nuova simonelli appia life 2,8,223,3.59%,5.27
dondurma dolabı fiyatı,8,219,3.65%,4.35
tiryaki çay kazanı fiyatları,8,202,3.96%,05.03
erişte kesme makinası fiyatları,8,193,4.15%,2.9
osimo 5 kg hamur yoğurma makinesi,8,192,4.17%,6.27
4 gözlü benmari fiyatları,8,164,4.88%,1.89
soft dondurma makinesi fiyatları,8,155,5.16%,6.65
kıyma makinesi sinir ayıklama aparatı,8,144,5.56%,5.92
appia life 2,8,141,5.67%,4.71
uğur dondurma makinesi fiyatları,8,136,5.88%,3.82
espresso karıştırma iğnesi,8,115,6.96%,6.81
kruvasan makinesi ev tipi,8,113,7.08%,06.01
patates doğrama makinası sanayi tipi,8,112,7.14%,2.82
wilfa hamur yoğurma makinesi,8,107,7.48%,6.66
osimo hamur yoğurma makinesi 10 kg,8,105,7.62%,5.65
eversys kahve makinesi,8,99,8.08%,4.98
basinçli fritöz fiyatları,8,97,8.25%,5.63
salva fırın fiyatları,8,94,8.51%,3.53
moretti forni pizza fırını,8,80,10%,2.9
rende makinesi endüstriyel,8,80,10%,03.08
endüstriyel taş fırın,8,75,10.67%,3.49
franke a600 fiyat,8,55,14.55%,1.93
franke tam otomatik kahve makinesi,8,50,16%,02.04
arlinoks endüstriyel mutfak,8,50,16%,5.3
ekmek fırını açmak için gerekli malzemeler,8,45,17.78%,3.6
ugur uss 440 dtkl,8,43,18.6%,4.3
ev tipi taş tabanlı fırın,8,30,26.67%,3.17
omis,7,1981,0.35%,9.23
fagor,7,899,0.78%,09.09
patates dilimleme makinesi,7,843,0.83%,9.41
havuç rendeleme makinesi,7,751,0.93%,07.02
eriste kesmesi makinası,7,709,0.99%,3.1
ev tipi hamur kesmesi makinası,7,604,1.16%,7.1
faema espresso makinesi,7,603,1.16%,6.88
fırın açma maliyeti,7,507,1.38%,6.76
salva fırın,7,416,1.68%,4.35
sanayi tipi pilav tenceresi,7,363,1.93%,5.36
franke a400,7,321,2.18%,7.64
kalerm k95l,7,314,2.23%,16.01
sanayi tipi lahmacun makinesi,7,310,2.26%,2.91
moretti forni,7,278,2.52%,5.86
fimak taş tabanlı fırın fiyatları,7,210,3.33%,5.99
spiral hamur yoğurma makinesi,7,204,3.43%,9.26
külsan çay tabağı,7,169,4.14%,3.49
öztiryakiler deterjan pompası,7,157,4.46%,5.27
lahana doğrama makinesi,7,152,4.61%,4.99
vbm lollo,7,151,4.64%,7.81
otomatik erişte makinesi,7,138,5.07%,3.18
maraş dondurma makinesi fiyatları,7,134,5.22%,6.66
osimo 32 lik kıyma makinesi fiyatları,7,132,5.3%,7.86
eversys,7,122,5.74%,4.36
sinir ayıran kıyma makinesi,7,79,8.86%,3.58
kaşar rende makinesi endüstriyel,7,74,9.46%,06.01
zırh makinası 2. el,7,72,9.72%,2.35
taş tabanlı ekmek fırını,7,68,10.29%,3.29
sinir ayıklama makinesi,7,67,10.45%,2.43
öztiryakiler k95l süper otomatik espresso kahve makinesi,7,61,11.48%,03.05
omis hamur yoğurma makinası fiyatları,7,51,13.73%,02.02
fırın açmak için gerekli malzemeler,7,51,13.73%,4.57
odunlu pizza fırını,7,45,15.56%,8.31
mutfak10 güvenilir mi,7,17,41.18%,03.06
pleyt nedir,6,1835,0.33%,2.66
temizlik arabası,6,1615,0.37%,8.42
simonelli kahve makinesi,6,1237,0.49%,5.47
öztiryakiler fırın,6,1122,0.53%,3.33
ev tipi yufka açma makinası,6,984,0.61%,7.71
nuova simonelli appia life,6,821,0.73%,8.58
dana eti kaç dakikada pişer,6,793,0.76%,04.03
salva,6,764,0.79%,08.04
tiryaki çay kazanı,6,648,0.93%,7.73
la marzocco fiyat,6,600,1%,7.87
donmuş et düdüklüde kaç dakikada pişer,6,435,1.38%,2.62
uğur buz makinesi,6,433,1.39%,6.72
makarna fritözü,6,364,1.65%,4.85
hamur yoğurma makinesi,6,345,1.74%,17.64
kruvasan makinesi,6,343,1.75%,2.22
osimo 15 kg hamur-yoğurma makinesi,6,317,1.89%,5.21
adana saplama makinesi,6,304,1.97%,2.14
eriste makinesi,6,296,2.03%,2.1
omis mikser 60 lt fiyat,6,293,2.05%,5.71
emsaş su sebili,6,289,2.08%,5.27
en iyi masat,6,284,2.11%,5.45
açık büfe ekipmanları,6,277,2.17%,7.58
osimo hamur yoğurma makinesi 15 kg,6,273,2.2%,5.77
set üstü mikser,6,251,2.39%,5.45
osimo 25 kg hamur yoğurma makinesi,6,236,2.54%,8.27
15 kiloluk hamur yoğurma makinesi,6,234,2.56%,8.25
en iyi masat hangisi,6,230,2.61%,4.94
meze dolabı fiyatları,6,213,2.82%,05.03
la marzocco kb90,6,211,2.84%,4.28
dondurma dolapları,6,185,3.24%,2.17
rodo döner robotu,6,165,3.64%,07.02
otomatik patates dilimleme makinesi,6,161,3.73%,5.68
öztiryakiler bar blender,6,158,3.8%,5.3
konveyörlü lahmacun fırını,6,157,3.82%,7.18
baklava pişirme fırını,6,156,3.85%,5.86
manuel termometre,6,148,4.05%,4.37
uss 330 dtkl lean,6,144,4.17%,3.95
kahve karıştırma iğnesi,6,135,4.44%,6.73
mayalandırma kabini,6,134,4.48%,6.93
kuşbaşı et doğrama makinesi,6,128,4.69%,6.73
öztiryakiler mini barista yorum,6,121,4.96%,6.76
hosk buzlaş makinası 3 lü,6,119,5.04%,08.09
dönerli fırın fiyatları,6,117,5.13%,05.03
adana saplama makinesi fiyatları,6,114,5.26%,02.07
öztiryakiler konveksiyonlu fırın fiyatları,6,113,5.31%,2.3
öztiryakiler waffle makinesi,6,110,5.45%,2.85
taş tabanlı elektrikli fırın,6,103,5.83%,4.21
kaliteli masat nasıl anlaşılır,6,101,5.94%,3.84
empero hamur yoğurma makinesi 10 kg,6,98,6.12%,5.14
tavuk doğrama makinesi,6,98,6.12%,8.47
kuşbaşı makinesi fiyatları,6,97,6.19%,2.9
mini barista öztiryakiler,6,97,6.19%,5.96
sgs hamur yoğurma makinesi,6,91,6.59%,5
osimo hamur yoğurma makinesi 5 kg,6,85,7.06%,7.6
35 kg hamur yoğurma makinesi fiyatları,6,83,7.23%,4.7
pres hamur açma makinesi,6,73,8.22%,1.92
hamur pres pişirme aleti fiyatları,6,70,8.57%,5.56
basınçlı fritöz fiyatları,6,69,8.7%,5.38
osimo hamur yoğurma makinesi 25 kg fiyatı,6,64,9.38%,5.97
ankun çay kazanları fiyatları,6,58,10.34%,02.02
"öztiryakiler mini barista espresso kahve makinesi kahve değirmenli tek 
gruplu",6,54,11.11%,6.7
blendtec connoisseur 825,6,53,11.32%,3.74
özti kahve makinesi,6,52,11.54%,1.6
triomax dondurma makinesi,6,38,15.79%,5.29
fagor fritöz,6,27,22.22%,2.19
075t.00010.ad,6,26,23.08%,5.19
et düdüklüde kaç dakikada pişer,5,5141,0.1%,6.17
arjantin bardak,5,2556,0.2%,1.12
düdüklüde kemikli et kaç dakikada pişer,5,2503,0.2%,5.88
et kaç dakikada pişer,5,1890,0.26%,2.37
eka fırın,5,1213,0.41%,8.51
öztiryakiler hamur yoğurma makinesi,5,1009,0.5%,8.18
arjantin bira bardağı,5,975,0.51%,2.3
zicco,5,842,0.59%,9.24
rendeleme makinesi,5,836,0.6%,7.45
yufka makinası fiyatları,5,664,0.75%,6.34
şişe soğutucu,5,625,0.8%,8.59
bardak standı,5,553,0.9%,7.38
osimo hamur yoğurma makinesi 25 kg,5,512,0.98%,8.5
ev tipi cimbali,5,500,1%,2.19
yufka açma makinası fiyatları,5,490,1.02%,7.61
fırın ruhsatı şartları,5,473,1.06%,5.6
kef çay makinesi,5,471,1.06%,7.82
karton bardak standı,5,441,1.13%,7.33
fiorenzato f64e,5,421,1.19%,7.82
karacasan endüstriyel mutfak,5,417,1.2%,7.9
kuzu çevirme aparatı,5,390,1.28%,8.33
osimo,5,364,1.37%,10.74
makarna kesim makinesi,5,355,1.41%,1.24
yufka makinesi fiyatları,5,355,1.41%,6.24
buzlu et düdüklüde kaç dakikada pişer,5,339,1.47%,5.42
makarna kesme makinası,5,288,1.74%,1.96
ekmek fırın malzemeleri,5,268,1.87%,8.63
profesyonel dondurma makinesi,5,250,2%,5.24
omake waffle makinesi,5,249,2.01%,6.29
cancan nar sıkacağı,5,233,2.15%,7.43
sanayi tipi rende,5,221,2.26%,4
ekmek fırını ev tipi,5,213,2.35%,4.75
endüstriyel pilav tenceresi,5,203,2.46%,7.49
görkem tost makinesi fiyatları,5,196,2.55%,8.26
elektrikli simit fırını fiyatları,5,181,2.76%,7.71
hisar floransa çatal bıçak takımı,5,180,2.78%,7.78
cancan narenciye sıkacağı,5,180,2.78%,8.48
parmak patates makinesi,5,178,2.81%,7.66
dikey şişe soğutucu,5,169,2.96%,6.76
büyükbaş hayvan baskül fiyatları,5,169,2.96%,8.16
öztiryakiler çift kapılı buzdolabı,5,166,3.01%,2.83
fırın ruhsatı nasıl alınır,5,165,3.03%,4.82
csa tost makinesi,5,165,3.03%,7.46
açık büfe teşhir standları,5,162,3.09%,7.57
öztiryakiler derin dondurucu,5,161,3.11%,5.57
kapp düdüklü tencere,5,161,3.11%,8.19
kahve posa kutusu,5,158,3.16%,9.18
soğuk hava dolabı,5,157,3.18%,6.35
200 ml pet şişe,5,150,3.33%,6.63
profesyonel rende makinesi,5,148,3.38%,4.41
pleyt ızgara 120 cm,5,147,3.4%,4.49
midea mikrodalga,5,133,3.76%,02.05
seamac tost makinesi,5,129,3.88%,4.79
25 kg çamaşır makinesi fiyatları,5,123,4.07%,3.33
çağdaş hamur yoğurma makinesi 35 kg,5,123,4.07%,4.25
avatherm ergoline çanta,5,122,4.1%,1.95
kuzu çevirme aparatı otomatik,5,122,4.1%,6.44
tiryaki bakır çay kazanı 3 demlikli,5,121,4.13%,4.27
vitamin bar standı,5,110,4.55%,4.24
büfe ruhsatı neleri kapsar,5,108,4.63%,1.98
öztiryakiler barista,5,108,4.63%,06.05
adana kebap makinası,5,107,4.67%,2.68
fırın açmak için ustalık belgesi şart mı,5,105,4.76%,2.63
görkem döner ocağı,5,105,4.76%,5.26
elektrikli patates dilimleme makinesi,5,101,4.95%,2.38
patates soyma makinesi 50 kg,5,101,4.95%,6.82
erişte kesme makineleri,5,92,5.43%,6.65
fagor fırın fiyatları,5,91,5.49%,3.42
endüstriyel pilav pişirme makinesi,5,91,5.49%,6.8
doğalgazlı kebap ocağı,5,87,5.75%,4.9
öztiryakiler kahve makinesi fiyatları,5,84,5.95%,2.43
boğaziçi soğan doğrama makinesi,5,77,6.49%,6.79
kapp elektrikli ocak,5,74,6.76%,5.76
öztiryakiler bulaşık makinesi deterjan pompası,5,73,6.85%,5.55
pilav makinesi sanayi tipi,5,72,6.94%,4.5
döner kaldırma aparatı,5,71,7.04%,1.42
l40 dondurma makinesi fiyatları,5,69,7.25%,2.77
nuova simonelli appia life ii,5,68,7.35%,3.72
kef filtre kahve makinesi kağıdı,5,65,7.69%,3.78
sahveli zirh kiyma makinesi,5,63,7.94%,3.4
osimo 10 kg profesyonel hamur yoğurma makinesi,5,63,7.94%,5.52
viber 12 lik kıyma makinesi,5,62,8.06%,8.21
patates dilimleme makinesi sanayi tipi,5,61,8.2%,03.05
seyyar dondurma dolabı,5,59,8.47%,3.69
aşçı dekor takımı,5,53,9.43%,5.3
kebap saplama makinesi fiyatları,5,51,9.8%,2.37
tabldot kurutma makinesi,5,45,11.11%,4.16
şahveli makina fiyatları,5,44,11.36%,1.84
9890.d90d2.30,5,44,11.36%,3.93
mazzer super jolly v pro,5,41,12.2%,7.27
endüstriyel patates doğrama makinesi,5,40,12.5%,1.45
simonelli aurelia 2,5,37,13.51%,6.49
mutfak 10 iletişim,5,36,13.89%,1.89
endüstriyel milkshake makinesi,5,27,18.52%,4.44
melitta e970-003,5,25,20%,3.36
çamaşır makinesi 25 kg,5,23,21.74%,1.3
öztiryakiler k95l full otomatik espresso kahve makinesi,5,23,21.74%,4.39
şahveli zırh kıyma makinası fiyatları ikinci el,5,11,45.45%,2.82
düdüklüde et kaç dakikada pişer,4,4625,0.09%,8.1
simonelli,4,1287,0.31%,11.11
tempesta,4,929,0.43%,9.49
patates makinesi,4,839,0.48%,3.49
starbucks kahve makinesi,4,787,0.51%,9.11
şapşak,4,735,0.54%,7.11
öztiryakiler,4,674,0.59%,26.69
et ne kadar sürede pişer,4,657,0.61%,2.77
decorelax,4,646,0.62%,4.89
25 kg hamur yoğurma makinesi,4,591,0.68%,10.95
benmari,4,578,0.69%,14.67
ev tipi yufka açma makinesi,4,557,0.72%,10.58
by kitchen,4,543,0.74%,9.78
salata bar,4,487,0.82%,8.8
makfry,4,479,0.84%,6.72
taş fırın ev tipi,4,474,0.84%,6.64
doğalgazlı taş fırın,4,443,0.9%,8.84
marul doğrama makinesi,4,397,1.01%,05.07
yufka yapma makinesi,4,395,1.01%,7.33
uğur yatay derin dondurucu ayarları,4,355,1.13%,6.83
endüstriyel kahve makinesi,4,334,1.2%,16.14
dondurma makinası,4,331,1.21%,9.51
butik fırın açmak,4,328,1.22%,6.71
tek kullanımlık baklava tepsisi,4,325,1.23%,7.65
profesyonel krep makinesi,4,297,1.35%,5.65
gmg waffle makinesi,4,292,1.37%,5.57
yılmaz et makinaları,4,289,1.38%,8.29
şenox,4,288,1.39%,8.16
erişte makinesi elektrikli,4,278,1.44%,7.49
zanussi fırın,4,277,1.44%,6.21
wok tavada neler pişirilir,4,266,1.5%,6.56
bar lastiği,4,252,1.59%,6.34
sanayi tipi yufka açma makinesi,4,251,1.59%,5.82
evde pasta yapıp satmak için gerekli belgeler,4,250,1.6%,7.26
bardak basketi,4,246,1.63%,3.5
pizza hazırlık dolabı,4,245,1.63%,8.71
düdüklüde et kavurma,4,243,1.65%,3.32
dondurma reyonu,4,243,1.65%,7.56
şefindiş,4,236,1.69%,5.56
omake hamur yoğurma makinesi,4,233,1.72%,2.65
taş fırın açma maliyeti,4,233,1.72%,6.65
kırılmaz tabak,4,228,1.75%,8.12
masat çeşitleri,4,206,1.94%,8.71
escobarista pitcher,4,202,1.98%,6.7
yufka ekmek makinesi,4,195,2.05%,7.79
simonelli cimbali,4,194,2.06%,4.6
gmg tost makinesi,4,187,2.14%,6.61
ısıtmalı börek tezgahı,4,183,2.19%,7.67
patates dilimleme makinası,4,182,2.2%,8.75
sılpat nedir,4,179,2.23%,2.1
sanayi tipi dondurma makinesi fiyatları,4,175,2.29%,4.42
elektrikli hamur açma makinesi,4,173,2.31%,8.23
15 kg hamur yoğurma makinesi fiyatları,4,163,2.45%,7.12
ev tipi kemik testeresi,4,155,2.58%,8.32
osimo 10 kg hamur yoğurma makinesi,4,154,2.6%,6.27
robot coupe cl 50 bıçakları,4,148,2.7%,7.26
kalitegaz döner ocağı,4,146,2.74%,9.82
patates doğrama makinası elektrikli,4,143,2.8%,02.03
sous vide makinesi,4,142,2.82%,18.8
evde pasta yapıp satmak yasak mı,4,141,2.84%,5.37
yufka açma makineleri,4,139,2.88%,7.93
rms erişte makinesi,4,135,2.96%,4.61
un şeker arabası,4,134,2.99%,8.76
görkem 20 dilim tost makinesi,4,133,3.01%,7.53
pirge et döveceği,4,131,3.05%,3.5
by kitchen barista duo,4,127,3.15%,8.95
otomatik tamper,4,127,3.15%,9.45
mavi ışık sinek öldürücü zararları,4,126,3.17%,1.75
mavi ışık sinek öldürücü kullananlar,4,126,3.17%,6.28
öztiryakiler espresso,4,125,3.2%,3
meze teşhir dolabı,4,124,3.23%,4.51
rinser bardak yıkama,4,121,3.31%,2.26
patates dilimleme makinesi fiyatları,4,119,3.36%,2.75
otomatik dondurma makinesi,4,116,3.45%,7.35
sgs konveyörlü pizza fırını,4,114,3.51%,3.44
bulaşık basketi,4,114,3.51%,3.66
udd 600 bk,4,114,3.51%,8.83
uğur meşrubat dolabi fiyatları,4,113,3.54%,1.71
fırın tezgahı,4,112,3.57%,05.03
franke a800 kahve makinesi,4,112,3.57%,5.79
endüstriyel yemek taşıma kapları,4,111,3.6%,5.29
pastırma bıçağı fiyatları,4,111,3.6%,8.62
öztiryakiler otomatik kahve makinesi,4,108,3.7%,2.14
oby 500,4,107,3.74%,4.57
erişte kesme makinesi elektrikli,4,106,3.77%,4.32
simag,4,106,3.77%,6.97
spidocook,4,102,3.92%,7.71
simonelli appia,4,102,3.92%,8.12
spiral hamur yoğurma makinesi 25 kg,4,102,3.92%,8.63
kruvasan makinesi fiyatları,4,95,4.21%,6.37
ızgara davlumbaz,4,94,4.26%,1.65
market tipi buzdolabı,4,91,4.4%,4.24
yazıcılar sebze doğrama makinesi,4,91,4.4%,5.98
kırılmaz porselen tabak,4,91,4.4%,6.26
himaksan tost makinesi,4,90,4.44%,7.79
sanayi tipi erişte makinesi,4,89,4.49%,2.61
kütahya çisil 24 parça yemek takımı,4,89,4.49%,6.93
dana eti nasıl pişirilir,4,88,4.55%,2.18
öztiryakiler kahve makinesi k95l,4,85,4.71%,3.87
viber soğan doğrama makinesi,4,84,4.76%,4.18
rinnova tost makinesi,4,81,4.94%,5.28
lahmacun pişirme makinesi sanayi tipi,4,80,5%,4
öztiryakiler tost makinesi fiyatları,4,80,5%,5.2
otel açık büfe ekipmanları,4,78,5.13%,4.64
top top waffle makinesi,4,77,5.19%,1.95
ankun çay kazanı,4,77,5.19%,4.34
endüstriyel fritöz sepeti,4,77,5.19%,5.18
çağdaş hamur yoğurma makinesi 10 kg,4,77,5.19%,6.36
dondurma buzdolabı,4,75,5.33%,4.4
portafiltre temizleme fırçası,4,74,5.41%,5.59
silpat e09 ne demek,4,73,5.48%,1.68
rms erişte makinası,4,72,5.56%,3.47
yanmış çaydanlık nasıl temizlenir,4,71,5.63%,2.13
sanayi tipi doğrama makinası,4,71,5.63%,6.73
boğaziçi spiral hamur yoğurma makinesi,4,69,5.8%,8.35
omis tran mikser,4,68,5.88%,5.34
çatal kaşık kurutma makinesi,4,67,5.97%,8.81
wega lunna evd2 tc,4,65,6.15%,06.06
öztiryakiler mini barista kahve makinesi,4,64,6.25%,7.11
açık büfe malzemeleri,4,62,6.45%,5.69
tezgah altı soğutucu,4,60,6.67%,1.68
hamburger ekmeği tavası,4,59,6.78%,6.9
dondurma yapma makinesi fiyatları,4,58,6.9%,6.45
gastrotime,4,54,7.41%,2.52
tezgah üstü mini pasta dolabı,4,53,7.55%,4.81
dönerli ekmek fırını fiyatları,4,52,7.69%,3.1
tiryaki 3 demlikli çay ocağı kazanı,4,52,7.69%,4.58
su böreği pişirme ocağı,4,52,7.69%,9.65
kuşbaşı doğrama makinası fiyatları,4,51,7.84%,3
sanayi tipi pilav pişirme makinesi,4,51,7.84%,6.22
öztiryaki kahve makinesi,4,50,8%,3.18
x580,4,49,8.16%,2.65
omis spiral hamur yoğurma makinesi fiyatları,4,48,8.33%,1.5
yazıcılar öğütücü,4,48,8.33%,2.12
schaerer coffee soul,4,46,8.7%,5.83
endüstriyel kızartma teli,4,45,8.89%,7.31
öztiryakiler patates dilimleme makinesi,4,44,9.09%,2.36
hosk buzlaş makinası,4,42,9.52%,8.88
ev tipi soğuk hava deposu fiyatları,4,41,9.76%,8.71
köfte karıştırma makinesi,4,38,10.53%,8.95
çim suyu sıkma makinesi,4,37,10.81%,7.35
eka fırın kullanma kılavuzu,4,35,11.43%,03.09
kuşbaşı et doğrama makinası fiyatları,4,32,12.5%,5.78
patates rendeleme makinesi,4,30,13.33%,5
pastırma doğrama bıçağı,4,30,13.33%,5.93
triomaxx,4,27,14.81%,4.52
bardak yıkama sepeti,4,25,16%,3.68
fırın tava çeşitleri,4,23,17.39%,6.61
omis mikser 40 lt,4,22,18.18%,2.68
cime luna sb20,4,18,22.22%,2.89
mutfak10.com,4,14,28.57%,1
gazlı kebap ocağı,4,14,28.57%,1.71
vbm tecnique,4,12,33.33%,03.08
cime luna,4,11,36.36%,1.45
aurelia 2 espresso machine,4,10,40%,1.9
cube tamp,4,9,44.44%,9.89
silpat nedir,3,3096,0.1%,6.7
düdüklü tencerede et kaç dakikada pişer,3,1347,0.22%,7.69
himaksan,3,952,0.32%,6.97
yelkar plastik,3,876,0.34%,8.64
çağdaş makina,3,800,0.38%,7.63
tirbüşon nasıl kullanılır,3,782,0.38%,8.15
6 gözlü ocak,3,721,0.42%,8.1
kuşbaşı et kaç dakikada pişer,3,709,0.42%,3.65
kuşbaşı et kaç dakikada haşlanır,3,660,0.45%,6.13
profesyonel kahve makinesi,3,546,0.55%,20.7
ev tipi künefe ocağı,3,508,0.59%,7.47
venarro fırın,3,501,0.6%,8.79
termobox,3,499,0.6%,10.2
endüstriyel fırınlar,3,496,0.6%,12.05
dana kemikli et düdüklüde kaç dakikada pişer,3,481,0.62%,3.64
pratica,3,478,0.63%,8.3
robot coupe,3,461,0.65%,10.48
sofuoğlu tava,3,453,0.66%,7.44
xlvi,3,449,0.67%,10.4
espresso makinesi,3,411,0.73%,54.75
görkem tost makinesi,3,405,0.74%,8.24
makarna pişirme makinesi,3,367,0.82%,8.84
buzlaş makinesi,3,361,0.83%,19.57
meyve doğrama makinesi,3,355,0.85%,6.82
patates soyma ve dilimleme makinesi fiyat,3,352,0.85%,5.32
hamur yoğurma makinesi 10 kg,3,342,0.88%,18.54
atalay pizza fırını,3,328,0.91%,8.42
simonelli appia 2,3,318,0.94%,07.08
can can meyve sıkacağı,3,316,0.95%,10.33
starbucks kahve makinesi fiyatı,3,312,0.96%,7.54
sanayi tipi bulaşık makinesi,3,309,0.97%,16.94
ugolini,3,308,0.97%,6.97
astema soğutma,3,302,0.99%,5.26
200 ml şişe,3,300,1%,6.36
patates dilimleme aparatı,3,300,1%,8.77
vitrin buzdolabı,3,293,1.02%,4.22
yarı otomatik kahve makinesi,3,292,1.03%,19.71
fagor fırın,3,288,1.04%,5.61
çağdaş hamur yoğurma makinesi,3,288,1.04%,5.69
konveyörlü pizza fırını,3,283,1.06%,9.33
şahveli,3,269,1.12%,5.1
milkshake makinesi,3,267,1.12%,17.44
öztiryakiler konveksiyonlu fırın,3,262,1.15%,3.19
sanayi tipi davlumbaz,3,256,1.17%,11.29
yanmış çaydanlık zehirlenmesi,3,254,1.18%,7.67
lahmacun açma makinesi,3,251,1.2%,14.78
mor lahana doğrama makinası,3,250,1.2%,5.66
cimbali m23,3,247,1.21%,08.06
endüstriyel fırın tepsisi,3,246,1.22%,8.6
hoshizaki buz makinesi,3,244,1.23%,8.52
astema,3,240,1.25%,6.63
dana kuşbaşı kaç dakikada pişer,3,230,1.3%,2.67
taş fırın elektrikli fiyatları,3,228,1.32%,5.98
en iyi filtre kahve makinesi,3,228,1.32%,12.84
hoshizaki,3,224,1.34%,8.65
cunill,3,216,1.39%,12.18
kef çay kazanı,3,212,1.42%,6.56
cimbali,3,209,1.44%,14.49
konveksiyonel fırın,3,209,1.44%,21.91
frozen yoğurt makinesi,3,206,1.46%,8.99
la san marco espresso makinesi,3,204,1.47%,5.15
mini barista,3,202,1.49%,5.72
eski türkçe mutfak terimleri,3,202,1.49%,9.72
omake mikser,3,197,1.52%,6.46
kavurma ocağı,3,196,1.53%,04.04
bezzera,3,191,1.57%,6.21
elektrikli ekmek fırını fiyatları,3,191,1.57%,8.36
ekmek taş fırın fiyatları,3,185,1.62%,6.22
benmari tenceresi,3,177,1.69%,8.99
büyükbaş hayvan baskülü,3,175,1.71%,8.85
yufka açma makinası ev tipi,3,175,1.71%,9.18
rodo döner robotu fiyatları,3,174,1.72%,5.94
öztiryakiler bulaşık makinesi fiyatları,3,171,1.75%,6.4
kubbeli fırın,3,168,1.79%,6.21
et teşhir dolabı,3,167,1.8%,3.21
top waffle,3,166,1.81%,1.8
patates doğrama makinası,3,166,1.81%,7.64
yufka açma ve pişirme makinesi fiyatları,3,165,1.82%,6.18
simonelli appia life,3,159,1.89%,6.74
gloşe,3,152,1.97%,4.42
faema e71,3,152,1.97%,6.6
pleyt izgara 120 cm,3,151,1.99%,2.54
fırın açmak,3,151,1.99%,05.07
uğur uss 330 dtk lean şişe soğutucu,3,151,1.99%,6.46
endüstriyel bulaşık makinesi,3,151,1.99%,26.48
solingen masat yassı,3,150,2%,3.19
evde pasta yapıp satmak istiyorum ne yapmalıyım,3,150,2%,7.19
magister espresso makinesi,3,148,2.03%,6.2
cemko,3,147,2.04%,7.16
endüstriyel rende,3,143,2.1%,4.2
avatherm ergoline,3,141,2.13%,14.92
lav taşlı döner ocağı,3,137,2.19%,04.07
set üstü teşhir dolabı,3,131,2.29%,3.7
süper otomatik kahve makinesi,3,127,2.36%,3.56
meyve sebze soyma makinesi,3,127,2.36%,8.16
öztiryakiler 700 seri fritöz,3,125,2.4%,3.86
hana hs 5500,3,125,2.4%,5.45
endüstriyel öğütücü,3,125,2.4%,7.4
dito sama,3,124,2.42%,4.95
omis mikser fiyatları,3,124,2.42%,5.47
şamandıralı çay kazanı,3,121,2.48%,9.44
öztiryakiler mikrodalga,3,121,2.48%,10.76
spidocook tost makinesi,3,120,2.5%,4.5
tencerede kuşbaşı et kaç dakikada pişer,3,120,2.5%,4.9
kavurma tezgahı,3,120,2.5%,4.99
patates doğrama aleti,3,120,2.5%,7.73
hidrolik sucuk dolum makinası,3,118,2.54%,6.77
osimo 15 kg hamur yoğurma makinesi en ucuz,3,117,2.56%,07.02
görkem fritöz,3,115,2.61%,06.06
eureka helios 65,3,115,2.61%,7.66
butik fırın açma maliyeti,3,114,2.63%,6.86
öztiryakiler 10 tepsili fırın,3,113,2.65%,1.7
10 kg hamur yoğurma makinesi,3,112,2.68%,16.93
öztiryakiler mini barista espresso makinesi,3,108,2.78%,7
öztiryakiler e30t,3,107,2.8%,6.21
salamander fırın,3,107,2.8%,07.05
ekmek fırını elektrikli,3,107,2.8%,7.94
taşlı fırın,3,107,2.8%,7.95
hamur makinesi 15 kg,3,107,2.8%,8.17
dönerci terazisi,3,106,2.83%,2.78
et zırh makinesi,3,106,2.83%,2.94
sulu yemek tezgahı,3,104,2.88%,4.47
sebze doğrama makinesi endüstriyel,3,102,2.94%,5.72
kahve iğnesi,3,99,3.03%,6.15
adana basma makinası,3,96,3.12%,1.95
buzluktan çıkan et düdüklüde kaç dakikada pişer,3,95,3.16%,02.08
helvane tencere,3,95,3.16%,13.72
bulaşık makinesi basketi,3,94,3.19%,3.66
evden pasta yapıp satmak,3,94,3.19%,5.27
casadio kahve değirmeni,3,91,3.3%,2.74
profesyonel milkshake makinesi,3,91,3.3%,4.34
öztiryakiler sebze yıkama makinesi,3,91,3.3%,6.74
kütahya porselen çisil yemek takımı,3,91,3.3%,8.15
kalerm k95l full otomatik espresso kahve makinesi,3,90,3.33%,7.44
basınçlı kızartma makinesi,3,88,3.41%,7.67
kuşbaşı et doğrama makinası,3,88,3.41%,8.4
profesyonel dondurma makinesi fiyatları,3,87,3.45%,4.77
zummo portakal sıkma makinesi fiyatları,3,84,3.57%,6.17
sgs fırın fiyatları,3,83,3.61%,5.84
görkem pizza fırını,3,82,3.66%,5.32
öztiryakiler bulaşık deterjanı,3,82,3.66%,6.68
fırın açma şartları,3,81,3.7%,5.15
sushi dolabı,3,81,3.7%,5.99
25 kg hamur yoğurma makinesi fiyatları,3,81,3.7%,9.12
ev tipi piliç çevirme makinası,3,80,3.75%,4.92
döner taşıma aparatı,3,80,3.75%,6
çisil yemek takımı,3,80,3.75%,6.92
çatal kaşık parlatma makinesi,3,79,3.8%,8.18
öztiryakiler bardak yıkama makinesi oby 35m 35x35 cm sepetli,3,79,3.8%,8.18
tütsüleme makinesi,3,79,3.8%,10.46
elektrikli baklava fırını,3,78,3.85%,5.64
krema dondurma makinesi,3,78,3.85%,06.09
patates doğrama makinesi fiyatları,3,77,3.9%,3.97
otomatik krep yapma makinesi,3,77,3.9%,6.99
sgs taş tabanlı fırın,3,76,3.95%,6.39
wok tavada neler yapılır,3,76,3.95%,07.03
soğuk meze dolabı fiyatları,3,74,4.05%,4.51
3'lü benmari fiyatları,3,74,4.05%,7.43
sos pompası plastik,3,73,4.11%,1.38
büfe açmak için gerekli belgeler,3,73,4.11%,2
endüstriyel temizlik ekipmanları,3,73,4.11%,7.64
öztiryakiler sanayi tipi tost makinesi,3,72,4.17%,4.99
şeker hamuru açma makinesi,3,71,4.23%,5.66
yedek makinesi,3,70,4.29%,5.6
öztiryakiler mini barista espresso,3,70,4.29%,7.46
saklama kabı kapağı yuvarlak,3,69,4.35%,1.9
"öztiryakiler mini barista ev tipi öğütücülü espresso kahve makinesi pid 
çift kazan",3,69,4.35%,04.01
bakır çay kazanı 3 demlikli,3,68,4.41%,9.54
la cimbali m39 dosatron,3,66,4.55%,6.44
yanan çaydanlık kullanılır mi,3,65,4.62%,8.28
kıyma makinesi sinir ayıklama,3,64,4.69%,4.19
franke a 400,3,64,4.69%,5.28
oby500,3,63,4.76%,4.29
portafiltre fırçası,3,62,4.84%,5.18
spiralli hamur yoğurma makinesi,3,61,4.92%,8.48
sgs tost makinesi fiyatları,3,60,5%,3.82
düdüklüde donmuş et pişirme,3,60,5%,3.9
79e4.37nmv.00,3,60,5%,5.72
zanussi fırın fiyatları,3,58,5.17%,08.03
erişte makinasi,3,57,5.26%,2.68
ev tipi zırh makinesi,3,57,5.26%,3.33
macap mı40,3,56,5.36%,3.62
öztiryakiler endüstriyel bulaşık makinesi deterjanı,3,54,5.56%,5.93
9580.k95l0.00,3,53,5.66%,2.94
endüstriyel lahmacun makinesi,3,52,5.77%,4.5
elektrikli döner fırın,3,52,5.77%,4.88
xeft-04eu-eldv,3,52,5.77%,6.92
büfede neler satılabilir,3,51,5.88%,1.61
uğur dondurma dolabı fiyatları,3,49,6.12%,2.82
tiryaki semaver,3,48,6.25%,5.81
tencere taşıma arabası,3,48,6.25%,6.29
odunlu pizza fırını fiyatları,3,48,6.25%,9.56
faema president,3,47,6.38%,2.83
öztiryakiler bulaşık makinesi 500 tabak,3,47,6.38%,4.62
bezzera arcadia,3,47,6.38%,4.77
tencerede kuşbaşı et nasıl pişirilir,3,46,6.52%,2.28
by kitchen barista duo ev tipi öğütücülü espresso kahve makinesi,3,46,6.52%,4.65
servis ünitesi,3,46,6.52%,5.11
ananas soyma makinesi 2 el,3,45,6.67%,14.82
uğur uss 374 dtkl,3,44,6.82%,5.11
oby 50t,3,42,7.14%,06.02
endüstriyel otomatik kahve makinesi,3,42,7.14%,8.1
davlumbaz ızgara,3,41,7.32%,1.83
dışı yanan çaydanlık nasıl temizlenir,3,41,7.32%,3.56
atollspeed easy,3,41,7.32%,3.88
la marzocco ev tipi espresso makinesi,3,40,7.5%,7.55
obm 1080 t,3,38,7.89%,5.79
dondurma makinesi fiyatı,3,38,7.89%,7.39
taş fırın özellikli fırın,3,37,8.11%,5.84
7864.n1.80703.72,3,37,8.11%,07.05
wok tava,3,37,8.11%,11.92
slowstar,3,36,8.33%,1.56
umd 1850 d izmir,3,36,8.33%,5.22
36 cm tencere kapağı,3,33,9.09%,6.67
patates kesme makinesi endüstriyel,3,32,9.38%,02.09
smash burger presi,3,32,9.38%,13.09
omake hamur yoğurma makinesi yorumları,3,31,9.68%,4.29
doğalgazlı ekmek fırın fiyatları,3,31,9.68%,8.81
döner arabalı fırın,3,30,10%,02.07
79k4.12lmv.00,3,30,10%,6
kahve dükkanı için gerekli malzemeler,3,29,10.34%,6.28
la marzocco kb90 2 group,3,28,10.71%,3.57
büyük rende makinesi,3,28,10.71%,4.14
la cimbali s lite,3,28,10.71%,09.04
macap mc6,3,26,11.54%,2.73
saeco phedra evo,3,26,11.54%,7.58
blixer 3,3,26,11.54%,7.92
çağdaş hamur-yoğurma makinesi 35 kg fiyatları,3,24,12.5%,2.71
tb16,3,23,13.04%,3.87
smash press,3,23,13.04%,8.13
xlvi sth9,3,23,13.04%,13.35
set üstü mikser 7 lt,3,18,16.67%,4.33
sanremo f18 sb,3,16,18.75%,3.88
kahve makinesi otel tipi,3,16,18.75%,04.06
fiorenzato f4,3,16,18.75%,4.19
macap m42d,3,16,18.75%,7.38
tribest pbg-5050,3,15,20%,10.8
aurelia 2,3,15,20%,11.73
79e3.37nmv.00,3,13,23.08%,05.08
özti mini barista,3,13,23.08%,6
derin dondurucu odası,3,13,23.08%,8.54
dry aged dolap ev tipi,3,13,23.08%,18.54
copa express,3,11,27.27%,2.27
nuova simonelli mdj,3,11,27.27%,3.36
pizza setup,3,10,30%,8.1
r.m.s erişte makinası fiyatı,3,5,60%,1
"""cancan""",3,4,75%,64.25
vitamin bar açmak için gerekli belgeler,3,3,100%,1
dana eti düdüklüde kaç dakikada pişer,2,2938,0.07%,7.23
kuşbaşı et düdüklüde kaç dk pişer,2,1913,0.1%,7.76
küvet ölçüleri,2,1523,0.13%,8.51
düdüklüde et kaç dakikada haşlanır,2,1483,0.13%,8.21
düdüklüde kuşbaşı et kaç dakikada pişer,2,1444,0.14%,7.39
taş fırın,2,1427,0.14%,12.14
soğuk hava deposu fiyatları,2,1404,0.14%,15.9
indüksiyon tabanlı ne demek,2,1064,0.19%,8.74
düdüklüde et,2,905,0.22%,7.88
simonelli espresso makinesi,2,772,0.26%,5.18
dana kuşbaşı düdüklüde ne kadar sürede pişer,2,669,0.3%,8.63
hamur açma makinesi,2,619,0.32%,16.01
kırmızı et kaç dakikada pişer,2,613,0.33%,2.98
zanussi,2,589,0.34%,10.26
106013,2,567,0.35%,3.22
doğrama makinesi,2,526,0.38%,11.82
tavuk kızartma makinesi,2,521,0.38%,11.58
yufka makinası,2,500,0.4%,08.04
cimbali kahve makinesi,2,484,0.41%,11.54
otomatik kahve makinesi,2,474,0.42%,27.01
ekmek açma makinesi,2,456,0.44%,12.4
küver ünitesi,2,445,0.45%,9.13
zicco termos,2,417,0.48%,7.21
tiryaki çay kazanları,2,401,0.5%,8.77
sanayi tipi fırın,2,399,0.5%,12.2
la cimbali m23,2,369,0.54%,9.97
sinek öldürücü mavi ışık,2,361,0.55%,12.48
sebze rendeleme makinesi,2,356,0.56%,6.26
dampak,2,347,0.58%,7.68
erişte kesme aparatı,2,340,0.59%,7.5
omake blender,2,339,0.59%,3.72
uğur içecek dolabı,2,338,0.59%,2.16
elektrikli taş fırın fiyatları,2,321,0.62%,6.63
taş ekmek fırını,2,316,0.63%,6.89
vitamix,2,312,0.64%,15.12
waffle makinesi,2,312,0.64%,32.78
portabianco bulaşık makinesi,2,311,0.64%,9.88
tirbüşon kullanımı,2,292,0.68%,8.25
kuşbaşı et ne kadar sürede pişer,2,289,0.69%,4.19
içecek dolabı,2,280,0.71%,13.64
elektrikli ekmek fırını,2,279,0.72%,16.33
adana makinesi,2,267,0.75%,03.04
elektrikli taş fırın fiyatları ev tipi,2,265,0.75%,7.8
iskender ocağı,2,259,0.77%,7.73
soğuk meze dolabı,2,251,0.8%,4.54
merrychef,2,246,0.81%,9.26
beyran ocağı,2,245,0.82%,7.46
ekmek fırın fiyatları,2,244,0.82%,06.07
nuova simonelli appia 2,2,240,0.83%,12.78
meyve sebze kurutma makinesi,2,233,0.86%,20.92
la san marco,2,227,0.88%,7.28
dondurma makineleri,2,226,0.88%,13.59
plate ne demek,2,225,0.89%,3.5
osimo 35 kg profesyonel hamur yoğurma makinesi,2,222,0.9%,8.43
kuzu kemikli et düdüklüde kaç dakikada pişer,2,221,0.9%,3.27
silpat nasıl temizlenir,2,220,0.91%,5.82
kestart makinesi,2,220,0.91%,10.21
endüstriyel katı meyve sıkacağı,2,218,0.92%,18.72
wok tavada ne pişirilir,2,216,0.93%,8.86
vitrinli buzdolabı,2,215,0.93%,4.67
seles vakum makinesi,2,214,0.93%,7.12
polikarbon tabak,2,212,0.94%,4.82
ev tipi sebze yıkama makinesi,2,207,0.97%,8.91
yufka pişirme makinesi,2,201,1%,8.26
el değirmeni,2,199,1.01%,19.65
dondurma dolabi,2,198,1.01%,5.94
nouva simonelli,2,197,1.02%,8.42
sıcak tutma ünitesi,2,191,1.05%,6.24
süt soğutucu,2,191,1.05%,8.12
uğur meşrubat dolabı fiyatları,2,188,1.06%,1.65
yufka acma makinesi,2,185,1.08%,8.52
kuşbaşı kaç dakikada pişer,2,183,1.09%,3.24
ananas kesme makinesi,2,182,1.1%,11.27
yufka acma makinasi fiyati,2,180,1.11%,6.32
sprey ünitesi,2,180,1.11%,6.59
franke a400 kahve makinesi,2,179,1.12%,5.14
icombi pro,2,179,1.12%,7.39
cancan meyve sıkacağı,2,179,1.12%,10.41
hamur kesme makinesi,2,178,1.12%,16.2
dalla corte kahve makinesi,2,177,1.13%,7.35
kemikli koyun eti düdüklüde kaç dakikada pişer,2,175,1.14%,4.94
yufka yedek makinası,2,173,1.16%,3.77
wega lunna,2,173,1.16%,4.33
uss 330 dtk lean,2,172,1.16%,6.86
tempesta kahve makinesi,2,171,1.17%,4.2
hamburger tavası,2,171,1.17%,6.64
ev tipi tavuk kızartma makinesi,2,170,1.18%,4.9
düdüklüde kemikli et kaç dakikada haşlanır,2,170,1.18%,6.34
bym052st,2,169,1.18%,6.97
sebze rende makinesi,2,164,1.22%,5.63
marzocco kahve makinesi,2,161,1.24%,5.27
hosk,2,159,1.26%,6.35
dr pamuk şeker makinesi,2,159,1.26%,6.86
hastane temizlik arabası,2,159,1.26%,7.75
şişe soğutucu dolap,2,158,1.27%,9.14
presli hamur açma makinesi,2,156,1.28%,5.92
kiritsuke şef bıçağı,2,155,1.29%,5.65
meze dolabi,2,154,1.3%,4.63
vitamin bar nedir,2,149,1.34%,7.63
ev için taş fırın,2,149,1.34%,7.81
tam otomatik ekmek fırını fiyatları,2,147,1.36%,8
evde taş fırın,2,147,1.36%,9.12
franke a600 kahve makinesi,2,146,1.37%,4.6
fırın altı yükseltici,2,146,1.37%,5.54
pide açma makinesi,2,146,1.37%,8.7
starbucks kahve makinesi markası,2,146,1.37%,12.57
sıcak servis ünitesi,2,144,1.39%,06.02
omake bar blender,2,143,1.4%,4.46
tepsi yıkama makinesi,2,142,1.41%,1.16
makarna kesme makinası fiyatları,2,141,1.42%,1.35
fırın ruhsatı ne kadar,2,141,1.42%,6.22
endüstriyel ekmek fırını,2,140,1.43%,11.39
öztiryakiler çelik tava,2,138,1.45%,9.57
kemikli et kac dk piser,2,136,1.47%,2.96
brawi,2,134,1.49%,8.62
kahve posa çekmecesi,2,133,1.5%,9.44
kaynatma tenceresi,2,130,1.54%,9.22
eriste kesme makinesi,2,129,1.55%,2.28
mini pasta dolabı,2,129,1.55%,7.21
otomatik doğrama ve rende makinesi,2,129,1.55%,7.24
osimo 35 kg hamur yoğurma makinesi,2,129,1.55%,7.95
tencerede et kaç dakikada pişer,2,128,1.56%,3.1
espresso iğnesi,2,126,1.59%,6.45
atalay pleyt ızgara,2,126,1.59%,9.16
düdüklüde et haşlama,2,125,1.6%,2.23
ayran makinası,2,125,1.6%,13.78
adana kebab makinesi,2,124,1.61%,5.85
boğaziçi hamur açma makinesi,2,122,1.64%,8.84
coldera,2,121,1.65%,5.3
venarro pizza fırını,2,121,1.65%,8.83
yufka açan makina,2,120,1.67%,07.03
planet mikser 60 lt,2,120,1.67%,08.09
makarna makinesi otomatik,2,120,1.67%,8.82
kırmızı smeg buzdolabı,2,119,1.68%,01.07
bir fırın günde kaç ekmek satar,2,117,1.71%,1.15
jp mikser,2,117,1.71%,8.74
duş sprey ünitesi,2,115,1.74%,6.41
en iyi masat yorumları,2,114,1.75%,6.53
elektrikli erişte kesme makinesi,2,113,1.77%,1.63
yarı otomatik espresso makinesi,2,113,1.77%,28.56
pipetlik,2,112,1.79%,6.93
can can nar sıkacağı,2,110,1.82%,7.72
mateka spiral hamur yoğurma makinesi,2,109,1.83%,07.09
donuk et düdüklüde pişer mi,2,108,1.85%,1.15