Sorgu,Sayfa,Pozisyon,Gerçek CTR (%),Beklenen CTR (%),Gösterim,Tıklama
erişte makinesi,https://www.mutfak10.com/urun/rms-erst02-otomatik-eriste-kesme-makinasi,2.6,1.23,11.0,6332,78
tirbuşon nedir,https://www.mutfak10.com/tirbuson-nedir,7.8,0.02,3.2,5393,1
vitamin bar,https://www.mutfak10.com/atomcu-acmak-icin-gerekli-malzemeler,8.7,0.22,2.8,5053,11
masat,https://www.mutfak10.com/masat-nedir-nasil-kullanilir,8.2,0.35,3.2,4879,17
öztiryakiler bulaşık makinesi,https://www.mutfak10.com/urun/ztiryakiler-bulasik-yikama-makinesi-dijital-sepetli-tahliye-pompali-50x50-cm-491176,6.6,0.66,4.0,4678,31
kemikli et düdüklüde kaç dakikada pişer,https://www.mutfak10.com/duduklude-et-kac-dakikada-piser,5.3,0.24,7.2,4657,11
yufka açma makinesi,https://www.mutfak10.com/kategori/yufka-acma-makineleri,7.7,0.75,3.2,4123,31
indüksiyon taban ne demek,https://www.mutfak10.com/induksiyon-taban-nedir,9.7,0.0,2.5,3853,0
tam otomatik yufka açma makinesi fiyatları,https://www.mutfak10.com/kategori/yufka-acma-makineleri,6.2,1.35,5.1,3712,50
masat nedir,https://www.mutfak10.com/masat-nedir-nasil-kullanilir,3.3,0.41,11.0,3661,15
et düdüklüde kaç dakikada pişer,https://www.mutfak10.com/duduklude-et-kac-dakikada-piser,5.8,0.14,5.1,3633,5
düdüklüde et kaç dakikada pişer,https://www.mutfak10.com/duduklude-et-kac-dakikada-piser,7.7,0.06,3.2,3404,2
erişte kesme makinesi,https://www.mutfak10.com/urun/rms-erst02-otomatik-eriste-kesme-makinasi,1.5,3.95,15.7,3371,133
patates doğrama makinesi,https://www.mutfak10.com/urun/oztiryakiler-patates-dograma-makinesi-parmak-patates,6.0,1.62,5.1,3218,52
ekmek fırını,https://www.mutfak10.com/kategori/tas-tabanli-firinlar/,10.4,0.0,2.5,3161,0
meşrubat dolabı,https://www.mutfak10.com/etiket/mesrubat-dolabi,5.9,1.01,5.1,3154,32
makarna kesme makinesi,https://www.mutfak10.com/urun/rms-erst02-otomatik-eriste-kesme-makinasi,2.5,1.48,15.7,2703,40
rende makinesi,https://www.mutfak10.com/etiket/endustriyel-rende-makinesi,9.9,0.45,2.5,2639,12
silpat nedir,https://www.mutfak10.com/silpat-nedir,6.2,0.08,5.1,2494,2
arjantin bardak,https://www.mutfak10.com/urun/gastroplast-kulplu-arjantin-bira-bardagi-560-ml-polikarbon-seffaf,1.1,0.2,28.5,2480,5
dondurma dolabı,https://www.mutfak10.com/kategori/dondurma-dolaplari,6.3,1.7,5.1,2235,38
kuşbaşı et düdüklüde kaç dakikada pişer,https://www.mutfak10.com/duduklude-et-kac-dakikada-piser,6.0,0.41,5.1,2221,9
dana eti düdüklüde kaç dakikada pişer,https://www.mutfak10.com/duduklude-et-kac-dakikada-piser,6.9,0.09,4.0,2175,2
kevgir nedir,https://www.mutfak10.com/kevgir-nedir-ne-ise-yarar,9.5,0.0,2.8,2125,0
ocakta unutulan çaydanlık nasıl temizlenir,https://www.mutfak10.com/ocakta-unutulan-caydanlik-nasil-temizlenir,8.6,0.38,2.8,2087,8
elektrikli erişte kesmesi makinası fiyatları,https://www.mutfak10.com/urun/rms-erst02-otomatik-eriste-kesme-makinasi,1.2,5.96,28.5,1946,116
düdüklüde kemikli et kaç dakikada pişer,https://www.mutfak10.com/duduklude-et-kac-dakikada-piser,5.6,0.21,5.1,1943,4
indüksiyon taban nedir,https://www.mutfak10.com/induksiyon-taban-nedir,9.2,0.05,2.8,1914,1
coffee toys,https://www.mutfak10.com/marka/coffee-toys/,9.6,0.0,2.5,1845,0
yufka makinesi,https://www.mutfak10.com/kategori/yufka-acma-makineleri,8.3,0.71,3.2,1828,13
mısır patlatma tenceresi,https://www.mutfak10.com/urun/emart-misir-patlatma-tenceresi-kucuk-boy,1.5,0.68,28.5,1774,12
meze dolabı,https://www.mutfak10.com/etiket/soguk-meze-dolabi,4.5,1.31,8.0,1756,23
omis,https://www.mutfak10.com/omis,8.8,0.18,2.8,1686,3
tirbişon nedir,https://www.mutfak10.com/tirbuson-nedir,6.4,0.06,5.1,1638,1
kemikli et düdüklüde kaç dakikada pişer,https://www.mutfak10.com/duduklude-et-kac-dakikada-piser/,7.3,0.19,4.0,1550,3
taş fırın fiyatları,https://www.mutfak10.com/kategori/tas-tabanli-firinlar,9.8,0.86,2.5,1503,13
kuşbaşı et düdüklüde kaç dk pişer,https://www.mutfak10.com/duduklude-et-kac-dakikada-piser,7.4,0.14,4.0,1464,2
elektrikli taş fırın,https://www.mutfak10.com/kategori/tas-tabanli-firinlar,6.3,1.3,5.1,1461,19
mutfak10,https://www.mutfak10.com/sayfa/iptal-ve-iade-sartlari,5.8,0.34,5.1,1450,5
temizlik arabası,https://www.mutfak10.com/kategori/temizlik-arabalari,8.3,0.35,3.2,1419,5
et kaç dakikada pişer,https://www.mutfak10.com/duduklude-et-kac-dakikada-piser,1.1,0.21,28.5,1418,3
öztiryakiler kahve makinesi,https://www.mutfak10.com/urun/oztiryakiler-k95l-super-otomatik-espresso-kahve-makinesi,1.3,0.85,28.5,1412,12
küvet ölçüleri,https://www.mutfak10.com/gastronom-kuvet-olculeri-ve-modelleri,8.4,0.07,3.2,1379,1
simonelli appia life 2,https://www.mutfak10.com/urun/nuova-simonelli-appia-life-ii-yuksek-kasikli-tam-otomatik-kahve-makinesi-6644,5.4,3.31,7.2,1358,45
pleyt nedir,https://www.mutfak10.com/pleyt-nedir,1.7,0.44,15.7,1356,6
sebze doğrama makinesi,https://www.mutfak10.com/kategori/sebze-dograma-makineleri,8.8,0.52,2.8,1334,7
et düdüklüde kaç dakikada pişer,https://www.mutfak10.com/duduklude-et-kac-dakikada-piser/,6.9,0.0,4.0,1306,0
et düdüklüde kaç dakikada haşlanır,https://www.mutfak10.com/duduklude-et-kac-dakikada-piser,6.6,0.0,4.0,1300,0
6 lı ocak,https://www.mutfak10.com/urun/drnset-ustu-ocak-6li-130x80-gazli,6.9,0.08,4.0,1276,1
hamur yoğurma makinesi 25 kg,https://www.mutfak10.com/urun/osimio-25-kg-hamur-yogurma-makinasi/,9.6,0.39,2.5,1274,5
düdüklü tencerede et kaç dakikada pişer,https://www.mutfak10.com/duduklude-et-kac-dakikada-piser,7.6,0.16,3.2,1252,2
kırmızı et düdüklüde kaç dakikada pişer,https://www.mutfak10.com/duduklude-et-kac-dakikada-piser,4.0,0.73,8.0,1241,9
düdüklüde et kaç dakikada pişer,https://www.mutfak10.com/duduklude-et-kac-dakikada-piser/,9.3,0.17,2.8,1190,2
mutfak10,https://www.mutfak10.com/kategori/endustriyel-mutfak,1.0,0.17,28.5,1185,2
masat nedir,https://www.mutfak10.com/masat-nedir-nasil-kullanilir-en-iyi-masat-markalari/,7.2,0.17,4.0,1172,2
otomatik makarna makinesi,https://www.mutfak10.com/urun/rms-erst02-otomatik-eriste-kesme-makinasi,8.2,1.49,3.2,1143,17
dana kuşbaşı düdüklüde kaç dakikada pişer,https://www.mutfak10.com/duduklude-et-kac-dakikada-piser,7.3,0.0,4.0,1103,0
düdüklüde kuşbaşı et kaç dakikada pişer,https://www.mutfak10.com/duduklude-et-kac-dakikada-piser,6.9,0.18,4.0,1100,2
hamur yoğurma makinesi 25 kg fiyatı,https://www.mutfak10.com/urun/osimio-25-kg-hamur-yogurma-makinasi,7.4,1.74,4.0,1094,19
düdüklüde et kaç dakikada haşlanır,https://www.mutfak10.com/duduklude-et-kac-dakikada-piser,8.2,0.19,3.2,1060,2
franke kahve makinesi,https://www.mutfak10.com/urun/franke-a400-super-otomatik-kahve-makinesi-1,4.6,0.58,7.2,1030,6
öztiryakiler fırın,https://www.mutfak10.com/urun/ztiryakiler-okfg-202-firin-konveksiyonlu-kizakli-20-adet-gn-21-tepsi-kapasiteli-gazli-448386,2.9,0.49,11.0,1014,5
ocakta unutulan çaydanlık nasıl temizlenir,https://www.mutfak10.com/ocakta-unutulan-caydanlik-nasil-temizlenir/,8.6,0.5,2.8,1001,5
